Date,Name,Year,Letterboxd URI,Rating
2017-07-06,Stripes,1981,https://boxd.it/gY6,3
2017-08-03,Moana,2016,https://boxd.it/8tfY,3
2017-08-04,Cinderella,1950,https://boxd.it/1Uki,3
2017-08-26,Living in Oblivion,1995,https://boxd.it/1ZeO,4
2017-09-11,Tommy,1975,https://boxd.it/1U7S,3
2017-09-19,Bad Taste,1987,https://boxd.it/1Xq4,4
2018-01-14,Eraserhead,1977,https://boxd.it/299u,5
2018-02-22,They Live,1988,https://boxd.it/20lm,4
2018-04-04,Unconscious London Strata,1981,https://boxd.it/57gO,3
2018-05-02,Rocky,1976,https://boxd.it/28Uk,4
2018-05-02,The Truman Show,1998,https://boxd.it/18U8,4
2018-05-02,Yellow Submarine,1968,https://boxd.it/1Sxa,4
2018-06-27,"Synecdoche, New York",2008,https://boxd.it/23zw,5
2018-07-06,Lincoln,2012,https://boxd.it/2n2s,3
2018-08-17,Office Space,1999,https://boxd.it/28Em,4
2018-08-18,Doctor Who: The Runaway Bride,2006,https://boxd.it/8Jgy,3
2018-08-18,The Hobbit: The Desolation of Smaug,2013,https://boxd.it/nmS,3
2018-08-18,The Land Before Time,1988,https://boxd.it/1Sr2,3
2018-08-18,Harry Potter and the Philosopher's Stone,2001,https://boxd.it/29QS,3
2018-08-19,Shaun the Sheep Movie,2015,https://boxd.it/7Pdy,3
2018-08-19,A Knight's Tale,2001,https://boxd.it/1YAk,3
2018-08-19,Peter Pan,1953,https://boxd.it/1VCC,3
2018-08-19,Baby Driver,2017,https://boxd.it/bhF2,3
2018-08-19,The Bride of Frankenstein,1935,https://boxd.it/2aPc,4
2018-08-19,The Untouchables,1987,https://boxd.it/2b6i,4
2018-08-19,King Kong,1933,https://boxd.it/2aMM,4
2018-08-19,Life Itself,2014,https://boxd.it/7lqC,4
2018-08-19,The Eagle Has Landed,1976,https://boxd.it/1U0s,3
2018-08-19,The Sword in the Stone,1963,https://boxd.it/1ZdG,3
2018-08-20,The King's Speech,2010,https://boxd.it/dX0,3
2018-08-20,Fright Night,1985,https://boxd.it/1T4e,3
2018-08-20,Guardians of the Galaxy,2014,https://boxd.it/3VH2,3
2018-08-20,Miracle of Flight,1974,https://boxd.it/153g,3
2018-08-21,Close Encounters of the Third Kind,1977,https://boxd.it/29u8,4
2018-08-26,How to Train Your Dragon,2010,https://boxd.it/1WRy,3
2018-08-26,Dumbo,1941,https://boxd.it/1U2o,3
2018-08-26,The Avengers,2012,https://boxd.it/1xFW,3
2018-08-29,The Jungle Book,1967,https://boxd.it/1YY2,3
2018-08-29,The Mask,1994,https://boxd.it/29rS,3
2018-09-24,Airplane!,1980,https://boxd.it/29yu,3
2018-09-24,Skyfall,2012,https://boxd.it/17Fc,3
2018-09-24,Kung Fu Panda,2008,https://boxd.it/1Yws,3
2018-09-24,Dragon Ball Z: Resurrection 'F',2015,https://boxd.it/9GCI,3
2018-09-24,Sherlock: The Abominable Bride,2016,https://boxd.it/dbTQ,3
2018-09-24,Pacific Rim,2013,https://boxd.it/2cB2,3
2018-09-24,ParaNorman,2012,https://boxd.it/2FuY,3
2018-09-24,Kung Fu Panda 2,2011,https://boxd.it/G36,3
2018-09-24,Where the Wild Things Are,2009,https://boxd.it/1K0C,3
2018-09-24,Monster House,2006,https://boxd.it/1Z2e,3
2018-09-24,Chicken Run,2000,https://boxd.it/20Xg,3
2018-09-24,Superman II,1980,https://boxd.it/204q,3
2018-09-24,Captain America: The Winter Soldier,2014,https://boxd.it/3r58,3
2018-09-24,X-Men: Days of Future Past,2014,https://boxd.it/4aRw,3
2018-09-24,Whiplash,2014,https://boxd.it/7bQA,4
2018-09-24,Rise of the Planet of the Apes,2011,https://boxd.it/cS4,3
2018-09-24,The Commitments,1991,https://boxd.it/1TiA,4
2018-09-24,A Matter of Loaf and Death,2008,https://boxd.it/1O4S,3
2018-09-24,Bambi,1942,https://boxd.it/25AQ,3
2018-09-24,Star Trek,2009,https://boxd.it/1Q6c,3
2018-09-24,Last Action Hero,1993,https://boxd.it/1YhW,3
2018-09-25,The End of the Tour,2015,https://boxd.it/7jIE,3
2018-09-26,The Terminator,1984,https://boxd.it/2aQY,4
2018-09-26,Frankenweenie,2012,https://boxd.it/bPS,3
2018-09-27,Tickled,2016,https://boxd.it/cWEG,4
2018-10-18,Gandhi,1982,https://boxd.it/29Dk,4
2018-11-17,Control,2007,https://boxd.it/22IC,4
2018-12-09,Only Yesterday,1991,https://boxd.it/1MR4,4
2018-12-26,Aquaman,2018,https://boxd.it/9ru0,3
2019-03-23,Despicable Me,2010,https://boxd.it/1DD8,3
2019-08-15,loudQUIETloud: A Film About the Pixies,2006,https://boxd.it/1Avq,3
2019-10-02,Gummo,1997,https://boxd.it/1H0Y,4
2019-10-02,"Pulp: a Film About Life, Death & Supermarkets",2014,https://boxd.it/7qQg,3
2019-10-03,Metropolis,1927,https://boxd.it/71a,4
2019-10-03,Solaris,1972,https://boxd.it/2a2Y,4
2019-10-03,Night of the Living Dead,1968,https://boxd.it/1WwA,4
2019-10-03,Mary and Max,2009,https://boxd.it/1y2m,4
2019-10-03,The Rutles: All You Need Is Cash,1978,https://boxd.it/1Kea,3
2019-10-03,Captain America: The First Avenger,2011,https://boxd.it/28b0,3
2019-10-03,Bill Hicks: Revelations,1993,https://boxd.it/1wmE,3
2019-10-03,Captain Marvel,2019,https://boxd.it/9vSA,3
2019-10-03,First Man,2018,https://boxd.it/cPym,3
2019-10-03,The Fall: The Wonderful and Frightening World of Mark E. Smith,2005,https://boxd.it/1e06,3
2019-10-03,Train to Busan,2016,https://boxd.it/dSQU,3
2019-10-03,The Western Ore Musical,2009,https://boxd.it/e40m,3
2019-10-03,The Garden of Words,2013,https://boxd.it/5Ymq,3
2019-10-03,The Lego Movie,2014,https://boxd.it/4pDO,3
2019-10-03,The Lion King,1994,https://boxd.it/201Q,3
2019-10-03,Unbreakable,2000,https://boxd.it/1XV2,4
2019-10-03,Krampus,2015,https://boxd.it/8Wy6,3
2019-10-03,Upstream Color,2013,https://boxd.it/4Cwc,3
2019-10-03,Sing Street,2016,https://boxd.it/cOo6,3
2019-10-03,Un Chien Andalou,1929,https://boxd.it/29Y8,4
2019-10-03,The Wolf Man,1941,https://boxd.it/1PG4,3
2019-10-03,Ben-Hur,1959,https://boxd.it/29RQ,3
2019-10-03,Guardians of the Galaxy Vol. 2,2017,https://boxd.it/8MxC,3
2019-10-03,The Wicker Man,1973,https://boxd.it/1KnG,4
2019-10-03,La Maison en Petits Cubes,2008,https://boxd.it/1D06,3
2019-10-03,Iron Man,2008,https://boxd.it/28dA,3
2019-10-03,"Hail, Caesar!",2016,https://boxd.it/881G,3
2019-10-03,The Legend of Drunken Master,1994,https://boxd.it/1Si0,4
2019-10-03,Hotel Transylvania,2012,https://boxd.it/2DF6,3
2019-10-03,Interstellar,2014,https://boxd.it/4VZ8,3
2019-10-03,Hook,1991,https://boxd.it/29nQ,3
2019-10-03,Mike's New Car,2002,https://boxd.it/1P6A,3
2019-10-03,Ice Age: The Meltdown,2006,https://boxd.it/2wRk,3
2019-10-03,Wayne's World 2,1993,https://boxd.it/1ZHw,3
2019-10-03,The Hobbit: An Unexpected Journey,2012,https://boxd.it/GZk,3
2019-10-03,Creature from the Black Lagoon,1954,https://boxd.it/1UXk,3
2019-10-03,Jay and Silent Bob Strike Back,2001,https://boxd.it/26ZM,3
2019-10-03,The Dark Knight,2008,https://boxd.it/2b0k,3
2019-10-03,Thor: Ragnarok,2017,https://boxd.it/8MHi,3
2019-10-03,Antz,1998,https://boxd.it/1ZB4,3
2019-10-03,Grimsby,2016,https://boxd.it/7ZkO,3
2019-10-03,B14?,2012,https://boxd.it/aMiQ,3
2019-10-03,Indiana Jones and the Kingdom of the Crystal Skull,2008,https://boxd.it/2aR8,3
2019-10-03,The Great Wall,2016,https://boxd.it/a04c,3
2019-10-03,Teenage Mutant Ninja Turtles,1990,https://boxd.it/28FY,3
2019-10-03,Oz the Great and Powerful,2013,https://boxd.it/2cAI,3
2019-10-03,Inception,2010,https://boxd.it/1skk,3
2019-11-26,Brewster's Millions,1985,https://boxd.it/1UJ8,3
2019-12-02,Ran,1985,https://boxd.it/1Tlu,5
2020-01-13,Multiple Maniacs,1970,https://boxd.it/1vs2,4
2020-01-17,Star Wars: The Rise of Skywalker,2019,https://boxd.it/5xlK,2
2020-01-17,Fantastic Beasts and Where to Find Them,2016,https://boxd.it/7FPC,2
2020-01-17,Jack the Giant Slayer,2013,https://boxd.it/2Pwq,2
2020-01-17,The Smurfs,2011,https://boxd.it/Zcm,2
2020-01-17,Cars 2,2011,https://boxd.it/H4Y,2
2020-01-17,Gulliver's Travels,2010,https://boxd.it/15iK,2
2020-01-17,Rio,2011,https://boxd.it/NKc,2
2020-01-17,Hop,2011,https://boxd.it/DQa,2
2020-01-17,Doctor Strange,2016,https://boxd.it/8MH8,2
2020-01-17,Suicide Squad,2016,https://boxd.it/9row,1
2020-01-17,Dumb and Dumber To,2014,https://boxd.it/3qPk,1
2020-01-17,Sharknado 2: The Second One,2014,https://boxd.it/7hGQ,1
2020-01-17,Hercules,2014,https://boxd.it/5B7s,2
2020-01-17,Non-Stop,2014,https://boxd.it/6FtO,2
2020-01-17,Despicable Me 2,2013,https://boxd.it/3gg0,2
2020-01-17,Iron Man 3,2013,https://boxd.it/2cBQ,3
2020-01-17,Oblivion,2013,https://boxd.it/2Bzq,2
2020-01-17,Puss in Boots,2011,https://boxd.it/eL34,2
2020-01-17,Ice Age: Dawn of the Dinosaurs,2009,https://boxd.it/20iC,2
2020-01-17,9,2009,https://boxd.it/1Scm,3
2020-01-17,2012,2009,https://boxd.it/1OE2,2
2020-01-17,Terminator Salvation,2009,https://boxd.it/2abQ,2
2020-01-17,X-Men Origins: Wolverine,2009,https://boxd.it/27ug,2
2020-01-17,Monsters vs Aliens,2009,https://boxd.it/1M50,2
2020-01-17,Ace Ventura Jr: Pet Detective,2009,https://boxd.it/1Mq8,2
2020-01-17,Marley & Me,2008,https://boxd.it/1Ola,2
2020-01-17,Bedtime Stories,2008,https://boxd.it/1WPM,2
2020-01-17,Fly Me to the Moon,2008,https://boxd.it/1P2S,2
2020-01-17,Spider-Man 3,2007,https://boxd.it/2a7Y,2
2020-01-17,Alvin and the Chipmunks,2007,https://boxd.it/21E0,2
2020-01-17,Cheaper by the Dozen,2003,https://boxd.it/1USa,2
2020-01-17,The Cat in the Hat,2003,https://boxd.it/1VSU,2
2020-01-17,Home Alone 3,1997,https://boxd.it/1XZ4,2
2020-01-17,The Flintstones,1994,https://boxd.it/29mo,2
2020-01-17,What's Eating Gilbert Grape,1993,https://boxd.it/28xg,2
2020-01-17,Patriot Games,1992,https://boxd.it/1XEA,2
2020-01-17,Hobgoblins,1988,https://boxd.it/1jwQ,2
2020-01-17,The Aristocats,1970,https://boxd.it/1X3Y,2
2020-01-17,Animal Farm,1954,https://boxd.it/1SWE,2
2020-01-17,"Superman: Destruction, Inc.",1942,https://boxd.it/4DVi,2
2020-01-17,Labyrinth,1986,https://boxd.it/1POC,3
2020-01-17,The Lost World: Jurassic Park,1997,https://boxd.it/2azS,2
2020-01-17,Casper,1995,https://boxd.it/1ZMw,2
2020-01-17,Big Daddy,1999,https://boxd.it/1ZkW,2
2020-01-17,Peter Pan,2003,https://boxd.it/1VQY,2
2020-01-17,Helen of Troy,2003,https://boxd.it/7cWY,2
2020-01-17,Men in Black II,2002,https://boxd.it/2a0y,2
2020-01-17,Scooby-Doo,2002,https://boxd.it/1YaQ,2
2020-01-17,The Fast and the Furious,2001,https://boxd.it/1XMu,2
2020-01-17,LEGO Jack Stone,2001,https://boxd.it/gyQG,2
2020-01-17,Are We Done Yet?,2007,https://boxd.it/1WUi,2
2020-01-17,Arthur and the Invisibles,2006,https://boxd.it/1Xm2,2
2020-01-17,The Ant Bully,2006,https://boxd.it/1XyM,2
2020-01-17,X-Men: The Last Stand,2006,https://boxd.it/1a5Q,2
2020-01-17,Cars,2006,https://boxd.it/29ho,2
2020-01-17,King Kong,2005,https://boxd.it/2aLa,4
2020-01-17,Charlie and the Chocolate Factory,2005,https://boxd.it/2b68,2
2020-01-17,Christmas with the Kranks,2004,https://boxd.it/1PEW,2
2020-01-17,Open Season 2,2008,https://boxd.it/1PCm,2
2020-01-17,Rescue Squad Mater,2008,https://boxd.it/oOI,2
2020-01-17,Night at the Museum: Battle of the Smithsonian,2009,https://boxd.it/1H7U,2
2020-01-17,Time Bandits,1981,https://boxd.it/19KI,4
2020-01-17,Planet of the Apes,2001,https://boxd.it/29ps,1
2020-01-18,Alien: Covenant,2017,https://boxd.it/49UY,2
2020-01-18,The Disaster Artist,2017,https://boxd.it/cTqc,2
2020-01-18,The Legend of Tarzan,2016,https://boxd.it/7DUU,2
2020-01-18,Goosebumps,2015,https://boxd.it/7Bp6,2
2020-01-18,Rio 2,2014,https://boxd.it/5jfy,2
2020-01-18,Thor: The Dark World,2013,https://boxd.it/2DqA,2
2020-01-18,R.I.P.D.,2013,https://boxd.it/FQQ,1
2020-01-18,Wrath of the Titans,2012,https://boxd.it/nlU,2
2020-01-20,The Amazing Spider-Man 2,2014,https://boxd.it/3utM,2
2020-01-20,Ender's Game,2013,https://boxd.it/2N9Y,2
2020-01-20,Sharknado,2013,https://boxd.it/69Qc,1
2020-01-20,Transformers: Dark of the Moon,2011,https://boxd.it/16aC,2
2020-01-20,Iron Man 2,2010,https://boxd.it/1WZM,2
2020-01-20,Prince of Persia: The Sands of Time,2010,https://boxd.it/1YpQ,2
2020-01-20,The Last Airbender,2010,https://boxd.it/1WQK,2
2020-01-20,Ghost Rider,2007,https://boxd.it/290M,2
2020-01-24,The Farewell,2019,https://boxd.it/kIky,4
2020-01-24,Alice in Wonderland,2010,https://boxd.it/1Spq,2
2020-01-30,Grizzly Man,2005,https://boxd.it/2ag2,4
2020-02-02,Uncut Gems,2019,https://boxd.it/gXGc,3
2020-02-04,Dead or Alive,1999,https://boxd.it/1U9u,4
2020-02-07,300,2006,https://boxd.it/28XI,1
2020-02-07,The 39 Steps,1935,https://boxd.it/2aKc,4
2020-02-08,The Curse of Frankenstein,1957,https://boxd.it/25N6,3
2020-02-13,Sightseers,2012,https://boxd.it/3V4Y,4
2020-02-14,Kill List,2011,https://boxd.it/2z4g,4
2020-02-14,Joint Security Area,2000,https://boxd.it/26Ja,4
2020-02-22,Oldboy,2003,https://boxd.it/29R2,5
2020-02-23,Persona,1966,https://boxd.it/29B4,3
2020-02-23,Four Lions,2010,https://boxd.it/18do,4
2020-02-25,Schindler's List,1993,https://boxd.it/2aq2,4
2020-03-01,Deathstalker and the Warriors from Hell,1988,https://boxd.it/KUo,1
2020-03-20,Mr. Holmes,2015,https://boxd.it/8EBw,3
2020-03-23,The League of Gentlemen's Apocalypse,2005,https://boxd.it/1ED4,3
2020-03-24,Pirates of the Caribbean: On Stranger Tides,2011,https://boxd.it/27Z4,2
2020-03-24,Foodfight!,2012,https://boxd.it/3Ti0,1
2020-03-26,Battleship Potemkin,1925,https://boxd.it/29Vo,4
2020-03-30,A Snake of June,2002,https://boxd.it/1fuQ,4
2020-03-31,Grown Ups 2,2013,https://boxd.it/3GAq,1
2020-04-16,Dead Man's Shoes,2004,https://boxd.it/1R6C,4
2020-05-09,Taxi,2015,https://boxd.it/amS4,4
2020-05-09,Leaving Las Vegas,1995,https://boxd.it/2amE,4
2020-05-22,Shrek Forever After,2010,https://boxd.it/1WRo,2
2020-06-19,The Iron Giant,1999,https://boxd.it/1Wow,4
2020-07-05,UHF,1989,https://boxd.it/1SFI,4
2020-07-22,Punch-Drunk Love,2002,https://boxd.it/20E4,5
2020-07-25,Magnolia,1999,https://boxd.it/2aze,5
2020-07-30,Things,1989,https://boxd.it/2SpC,4
2020-08-01,Fargo,1996,https://boxd.it/2aHM,5
2020-08-08,Mother,2009,https://boxd.it/1m9g,4
2020-08-10,PNYC: Portishead - Roseland New York,1998,https://boxd.it/1M42,4
2020-08-12,Three Colors: Blue,1993,https://boxd.it/2b7K,4
2020-08-13,In the Mouth of Madness,1994,https://boxd.it/26vi,4
2020-08-16,The Empire Strikes Back,1980,https://boxd.it/27Vw,4
2020-08-18,Justice League,2017,https://boxd.it/4w68,2
2020-08-21,Ghostbusters II,1989,https://boxd.it/261s,2
2020-08-25,Die Hard,1988,https://boxd.it/2a7u,4
2020-08-27,Bill & Ted's Excellent Adventure,1989,https://boxd.it/28oI,4
2020-09-13,Ant-Man,2015,https://boxd.it/3vmW,3
2020-09-22,Miller's Crossing,1990,https://boxd.it/2avG,4
2020-09-23,The Day After,1983,https://boxd.it/21cg,2
2020-10-11,Strike,1925,https://boxd.it/QFk,4
2020-10-13,Crank,2006,https://boxd.it/27MY,3
2021-01-02,The Bridge on the River Kwai,1957,https://boxd.it/29wo,4
2021-01-20,Spider-Man 2,2004,https://boxd.it/2a88,4
2021-05-03,Burden of Dreams,1982,https://boxd.it/XGk,4
2021-06-02,Raiders of the Lost Ark,1981,https://boxd.it/2bbs,4
2021-06-02,Indiana Jones and the Temple of Doom,1984,https://boxd.it/2bb8,4
2021-06-02,Indiana Jones and the Last Crusade,1989,https://boxd.it/2baO,4
2021-06-04,National Lampoon's Vacation,1983,https://boxd.it/1Uvq,2
2021-07-09,Austin Powers in Goldmember,2002,https://boxd.it/29xG,3
2021-07-12,Face/Off,1997,https://boxd.it/29I0,4
2021-07-13,Being There,1979,https://boxd.it/1WxS,4
2021-07-22,Finding Nemo,2003,https://boxd.it/72i,4
2021-07-23,Bridge of Spies,2015,https://boxd.it/9n9C,3
2021-07-25,Boudu Saved from Drowning,1932,https://boxd.it/IDg,3
2021-08-02,The Sparks Brothers,2021,https://boxd.it/tboq,4
2021-08-04,Fox and His Friends,1975,https://boxd.it/Xma,3
2021-08-05,Toy Story 3,2010,https://boxd.it/1WRe,4
2021-08-12,Chungking Express,1994,https://boxd.it/1UDa,5
2021-08-16,Drive,2011,https://boxd.it/IG,4
2021-08-20,Cool Hand Luke,1967,https://boxd.it/29jY,4
2021-08-22,Reservoir Dogs,1992,https://boxd.it/2agc,4
2021-08-24,Inglourious Basterds,2009,https://boxd.it/1JzG,4
2021-08-27,In the Mood for Love,2000,https://boxd.it/29tE,5
2021-08-31,Pink Flamingos,1972,https://boxd.it/29NO,4
2021-09-02,Scorpio Rising,1963,https://boxd.it/Mks,4
2021-09-02,Willy Wonka & the Chocolate Factory,1971,https://boxd.it/2aLu,4
2021-09-02,Female Trouble,1974,https://boxd.it/1Oqk,4
2021-09-03,Lucifer Rising,1981,https://boxd.it/1blq,4
2021-09-06,The SpongeBob SquarePants Movie,2004,https://boxd.it/1SYq,4
2021-09-07,Harold and Maude,1971,https://boxd.it/2axM,5
2021-09-07,Freddy Got Fingered,2001,https://boxd.it/1QGk,4
2021-09-08,Twin Peaks: Fire Walk with Me,1992,https://boxd.it/27Qw,5
2021-09-19,Terrorizers,1986,https://boxd.it/2IRG,4
2021-09-20,Tokyo Drifter,1966,https://boxd.it/OTY,4
2021-09-21,Pickpocket,1997,https://boxd.it/zPi,4
2021-09-22,Unknown Pleasures,2002,https://boxd.it/2NeY,4
2021-09-22,The Muppet Movie,1979,https://boxd.it/1UrS,4
2021-09-23,Beyond the Valley of the Dolls,1970,https://boxd.it/22GQ,4
2021-09-25,Drifting Clouds,1996,https://boxd.it/20tU,4
2021-09-28,The Double,2013,https://boxd.it/4DLW,3
2021-09-29,Love Is Colder Than Death,1969,https://boxd.it/1RTY,3
2021-10-02,Satan’s Brew,1976,https://boxd.it/18aY,3
2021-10-03,World on a Wire,1973,https://boxd.it/B9me,4
2021-10-04,City Lights,1931,https://boxd.it/29ki,4
2021-10-04,Le Havre,2011,https://boxd.it/2vzu,4
2021-10-05,"Merry Christmas, Mr. Lawrence",1983,https://boxd.it/1SHu,5
2021-10-06,The Brood,1979,https://boxd.it/1ovS,4
2021-10-08,No Time to Die,2021,https://boxd.it/cPX2,3
2021-10-09,Twin Peaks: The Return,2017,https://boxd.it/hN9O,5
2021-10-10,"Paris, Texas",1984,https://boxd.it/29Ts,5
2021-10-11,The Wrong Trousers,1993,https://boxd.it/2ack,4
2021-10-14,Seven Samurai,1954,https://boxd.it/2axi,5
2021-10-14,Friday the 13th: The Final Chapter,1984,https://boxd.it/1XWO,3
2021-10-15,Manhunter,1986,https://boxd.it/1TOw,4
2021-10-17,Near Dark,1987,https://boxd.it/1SRO,3
2021-10-22,Invasion of the Body Snatchers,1978,https://boxd.it/1SWk,3
2021-10-25,Fallen Angels,1995,https://boxd.it/1UkW,5
2021-10-25,Tetsuo: The Iron Man,1989,https://boxd.it/ZoM,5
2021-10-26,The Dead Zone,1983,https://boxd.it/1U6g,4
2021-10-27,Ringu,1998,https://boxd.it/26tw,4
2021-10-28,The Ring,2002,https://boxd.it/2a70,3
2021-10-30,A Charlie Brown Christmas,1965,https://boxd.it/1QDq,4
2021-10-31,Hard Boiled,1992,https://boxd.it/1T6a,5
2021-11-02,A Nightmare on Elm Street,1984,https://boxd.it/2aw0,4
2021-11-03,Scream,1996,https://boxd.it/24EC,4
2021-11-09,Ratcatcher,1999,https://boxd.it/1mSg,5
2021-11-09,First Blood,1982,https://boxd.it/28U0,4
2021-11-10,Good Will Hunting,1997,https://boxd.it/2ahY,4
2021-11-13,Italianamerican,1974,https://boxd.it/3deg,4
2021-11-17,The Marriage of Maria Braun,1979,https://boxd.it/29Su,4
2021-11-18,Videodrome,1983,https://boxd.it/29uC,4
2021-11-23,No Regrets for Our Youth,1946,https://boxd.it/Um2,4
2021-11-23,Hiruko the Goblin,1991,https://boxd.it/163c,4
2021-11-23,The Card Counter,2021,https://boxd.it/nTH0,4
2021-11-23,Censor,2021,https://boxd.it/oHFS,4
2021-11-25,Harakiri,1962,https://boxd.it/1NTU,5
2021-11-26,Brewster McCloud,1970,https://boxd.it/1tIi,4
2021-11-29,Citizen Kane,1941,https://boxd.it/71O,5
2021-11-30,Prisoners of the Ghostland,2021,https://boxd.it/j0NY,1
2021-11-30,Scandal,1950,https://boxd.it/1gG4,4
2021-12-04,"Rome, Open City",1945,https://boxd.it/2aD6,4
2021-12-04,The Bad Sleep Well,1960,https://boxd.it/1iLA,5
2021-12-05,Falling Cat,1894,https://boxd.it/4R8a,2
2021-12-05,Ikiru,1952,https://boxd.it/251c,5
2021-12-07,Sandow,1896,https://boxd.it/49fc,2
2021-12-07,Annie Oakley,1894,https://boxd.it/4Bew,2
2021-12-08,Withnail & I,1987,https://boxd.it/1Qa4,5
2021-12-08,Conflagration,1958,https://boxd.it/3m8Q,3
2021-12-08,Boogie Nights,1997,https://boxd.it/23um,5
2021-12-08,Bad Santa,2003,https://boxd.it/1WYk,3
2021-12-09,Furious 7,2015,https://boxd.it/5cVs,3
2021-12-09,Fast & Furious 6,2013,https://boxd.it/2UG6,3
2021-12-09,Fast Five,2011,https://boxd.it/BgO,3
2021-12-09,Pink Floyd: The Wall,1982,https://boxd.it/1Sxk,4
2021-12-09,House,1977,https://boxd.it/1vsm,5
2021-12-09,Life of Brian,1979,https://boxd.it/2a4q,4
2021-12-10,The French Dispatch,2021,https://boxd.it/jLP8,4
2021-12-10,Bone Tomahawk,2015,https://boxd.it/9kiw,2
2021-12-12,Faces,1968,https://boxd.it/29Ia,4
2021-12-12,Pulp Fiction,1994,https://boxd.it/29Pq,4
2021-12-14,The Firm,1989,https://boxd.it/1IRO,4
2021-12-15,The Passion of Joan of Arc,1928,https://boxd.it/29DO,4
2021-12-15,The Grand Budapest Hotel,2014,https://boxd.it/3ZqO,4
2021-12-16,Youth in Fury,1960,https://boxd.it/4kdQ,3
2021-12-18,Strange Circus,2005,https://boxd.it/1Vg2,1
2021-12-20,My Winnipeg,2007,https://boxd.it/1Qz4,4
2021-12-20,The Worst Person in the World,2021,https://boxd.it/oyws,4
2021-12-21,Taxi Driver,1976,https://boxd.it/2b8y,5
2021-12-22,Porco Rosso,1992,https://boxd.it/1Tp2,4
2021-12-24,Ace in the Hole,1951,https://boxd.it/1vXk,4
2021-12-24,Home Alone,1990,https://boxd.it/29Fg,4
2021-12-26,The Matrix Resurrections,2021,https://boxd.it/n87k,4
2021-12-27,Pecker,1998,https://boxd.it/1SVw,3
2021-12-28,Don't Look Up,2021,https://boxd.it/o0Hc,1
2021-12-28,Dogville,2003,https://boxd.it/2a8W,2
2021-12-29,Blazing Saddles,1974,https://boxd.it/1UHQ,4
2021-12-29,The Producers,1967,https://boxd.it/1lMm,4
2021-12-29,Red Rocket,2021,https://boxd.it/sGpi,4
2021-12-31,Peking Opera Blues,1986,https://boxd.it/13fO,4
2022-01-02,Full Contact,1992,https://boxd.it/1sAC,3
2022-01-04,Light Sleeper,1992,https://boxd.it/1aKa,4
2022-01-04,Smiley Face,2007,https://boxd.it/1QG0,4
2022-01-05,The Rules of the Game,1939,https://boxd.it/29Es,4
2022-01-07,Harry Potter and the Chamber of Secrets,2002,https://boxd.it/29QI,3
2022-01-07,Prison on Fire,1987,https://boxd.it/w2C,4
2022-01-09,Another Year,2010,https://boxd.it/T1C,4
2022-01-10,The Savages,2007,https://boxd.it/20ra,4
2022-01-10,Election,2005,https://boxd.it/2lDm,4
2022-01-12,A Better Tomorrow II,1987,https://boxd.it/1HbW,4
2022-01-12,Gerry,2002,https://boxd.it/27LG,4
2022-01-13,Halloween III: Season of the Witch,1982,https://boxd.it/1VFc,4
2022-01-13,Shrek 2,2004,https://boxd.it/29z8,4
2022-01-15,Blade Runner 2049,2017,https://boxd.it/b8wK,4
2022-01-15,Wonder Woman 1984,2020,https://boxd.it/gBtA,1
2022-01-15,In the Soup,1992,https://boxd.it/xM2,3
2022-01-15,Holy Motors,2012,https://boxd.it/3wai,4
2022-01-17,Black Widow,2021,https://boxd.it/hWV8,2
2022-01-18,High Fidelity,2000,https://boxd.it/2aMW,4
2022-01-18,Re-Animator,1985,https://boxd.it/28hM,4
2022-01-18,Birdman or (The Unexpected Virtue of Ignorance),2014,https://boxd.it/5RFA,4
2022-01-18,Amadeus,1984,https://boxd.it/2aH8,4
2022-01-18,Fitzcarraldo,1982,https://boxd.it/1YV8,4
2022-01-18,Back to the Future,1985,https://boxd.it/2b8e,4
2022-01-18,Aliens,1986,https://boxd.it/29PA,4
2022-01-18,Sideways,2004,https://boxd.it/1Y5c,4
2022-01-18,Ghostbusters,1984,https://boxd.it/g2w,4
2022-01-18,Children of Men,2006,https://boxd.it/1Y2i,4
2022-01-18,Seven Psychopaths,2012,https://boxd.it/34PW,4
2022-01-18,The Matrix Reloaded,2003,https://boxd.it/2a1c,4
2022-01-18,Do the Right Thing,1989,https://boxd.it/29gA,5
2022-01-18,The Boondock Saints,1999,https://boxd.it/20gw,3
2022-01-18,A Town Called Panic,2009,https://boxd.it/11ki,3
2022-01-18,Bad Trip,2021,https://boxd.it/lgRG,3
2022-01-18,Idiocracy,2006,https://boxd.it/20RW,3
2022-01-18,The Hand,2020,https://boxd.it/vWp0,4
2022-01-19,Raging Bull,1980,https://boxd.it/28yI,5
2022-01-19,The Mission,1999,https://boxd.it/OvW,4
2022-01-19,Rushmore,1998,https://boxd.it/1TAO,5
2022-01-19,Eight Hours Don’t Make a Day,1972,https://boxd.it/zgJ6,4
2022-01-19,Mystery Train,1989,https://boxd.it/1Ub6,5
2022-01-21,Ivan's Childhood,1962,https://boxd.it/1j6y,4
2022-01-21,Spider-Man: No Way Home,2021,https://boxd.it/nwRw,2
2022-01-22,Mr. Pip,2012,https://boxd.it/41CM,3
2022-01-22,The River,1997,https://boxd.it/uEk,4
2022-01-24,Meet the Robinsons,2007,https://boxd.it/28Ym,4
2022-01-25,Escape from New York,1981,https://boxd.it/294k,4
2022-01-25,Dawn of the Dead,1978,https://boxd.it/29gU,4
2022-01-25,Fantastic Mr. Fox,2009,https://boxd.it/1WyQ,4
2022-01-25,Hot Fuzz,2007,https://boxd.it/2416,4
2022-01-25,Bicycle Thieves,1948,https://boxd.it/23hW,5
2022-01-25,Tokyo Story,1953,https://boxd.it/1HuY,5
2022-01-25,Anomalisa,2015,https://boxd.it/97TE,4
2022-01-25,Chimes at Midnight,1965,https://boxd.it/299k,4
2022-01-25,Night on Earth,1991,https://boxd.it/2ayq,5
2022-01-25,Lost Highway,1997,https://boxd.it/29Wc,4
2022-01-25,Invocation of My Demon Brother,1969,https://boxd.it/WtO,4
2022-01-25,Reminiscences of a Journey to Lithuania,1972,https://boxd.it/4I1Y,4
2022-01-25,Donnie Darko,2001,https://boxd.it/2b2A,4
2022-01-25,Pigs and Battleships,1961,https://boxd.it/1jQG,4
2022-01-25,Alien,1979,https://boxd.it/2awY,5
2022-01-25,Brazil,1985,https://boxd.it/2be2,5
2022-01-25,Gremlins 2: The New Batch,1990,https://boxd.it/29g6,4
2022-01-25,My Beautiful Laundrette,1985,https://boxd.it/1UhI,4
2022-01-25,"The Good, the Bad and the Ugly",1966,https://boxd.it/2ape,5
2022-01-25,This Is England,2006,https://boxd.it/1T44,4
2022-01-25,Rashomon,1950,https://boxd.it/2a9K,5
2022-01-25,The Seventh Seal,1957,https://boxd.it/2ahO,5
2022-01-25,A Field in England,2013,https://boxd.it/5tmk,5
2022-01-25,The Big Lebowski,1998,https://boxd.it/2b6C,5
2022-01-25,Naked,1993,https://boxd.it/1BT4,5
2022-01-25,2001: A Space Odyssey,1968,https://boxd.it/2bf0,5
2022-01-25,Shaun of the Dead,2004,https://boxd.it/29J8,5
2022-01-25,There Will Be Blood,2007,https://boxd.it/20Z2,5
2022-01-25,Blade Runner,1982,https://boxd.it/2bcA,5
2022-01-25,Adaptation.,2002,https://boxd.it/26mA,5
2022-01-25,Being John Malkovich,1999,https://boxd.it/2ahu,5
2022-01-25,The 400 Blows,1959,https://boxd.it/2b1C,5
2022-01-25,The Graduate,1967,https://boxd.it/18Im,5
2022-01-25,The Apartment,1960,https://boxd.it/2aGE,5
2022-01-25,Blue Velvet,1986,https://boxd.it/29BI,5
2022-01-25,Ghost World,2001,https://boxd.it/28Dy,5
2022-01-25,Riki-Oh: The Story of Ricky,1991,https://boxd.it/1IDs,5
2022-01-25,Pierrot le Fou,1965,https://boxd.it/26j2,5
2022-01-25,Ali: Fear Eats the Soul,1974,https://boxd.it/2aRi,5
2022-01-25,Evil Dead II,1987,https://boxd.it/29Ge,5
2022-01-25,Good Morning,1959,https://boxd.it/2lkk,5
2022-01-25,Secrets & Lies,1996,https://boxd.it/1UuC,5
2022-01-25,Paprika,2006,https://boxd.it/23wW,5
2022-01-25,The Exorcist,1973,https://boxd.it/1Yoo,5
2022-01-25,Mysterious Skin,2004,https://boxd.it/1UsG,5
2022-01-25,A Woman Under the Influence,1974,https://boxd.it/1myg,5
2022-01-25,Jojo Rabbit,2019,https://boxd.it/iEBG,3
2022-01-25,The Full Monty,1997,https://boxd.it/1YI4,3
2022-01-25,"Three Billboards Outside Ebbing, Missouri",2017,https://boxd.it/ceBS,3
2022-01-25,Call Me by Your Name,2017,https://boxd.it/dYmm,4
2022-01-25,Ocean's Eleven,2001,https://boxd.it/2aZm,4
2022-01-25,Batman,1989,https://boxd.it/2aIU,3
2022-01-25,Spartacus,1960,https://boxd.it/29bq,3
2022-01-25,The Beatles: Eight Days a Week - The Touring Years,2016,https://boxd.it/dGLo,3
2022-01-25,The Monster Squad,1987,https://boxd.it/1Q1w,3
2022-01-25,Blood Feast,1963,https://boxd.it/1q58,3
2022-01-25,Blood Rage,1987,https://boxd.it/1pSI,3
2022-01-25,Up in the Air,2009,https://boxd.it/1zPY,3
2022-01-25,"It's a Mad, Mad, Mad, Mad World",1963,https://boxd.it/1TvO,3
2022-01-25,The King of Kong: A Fistful of Quarters,2007,https://boxd.it/1P2y,3
2022-01-25,Die Hard: With a Vengeance,1995,https://boxd.it/28zG,3
2022-01-25,Breadcrumb Trail,2014,https://boxd.it/7xuG,3
2022-01-25,Burn After Reading,2008,https://boxd.it/23BW,4
2022-01-25,The Goonies,1985,https://boxd.it/1YVC,3
2022-01-25,Dawn of the Planet of the Apes,2014,https://boxd.it/3XyQ,3
2022-01-25,Mission: Impossible,1996,https://boxd.it/29d2,4
2022-01-25,The Nice Guys,2016,https://boxd.it/94Hg,4
2022-01-25,War for the Planet of the Apes,2017,https://boxd.it/8FE2,3
2022-01-25,Misery,1990,https://boxd.it/28gY,4
2022-01-25,Star Wars: The Force Awakens,2015,https://boxd.it/4vru,3
2022-01-25,Star Trek II: The Wrath of Khan,1982,https://boxd.it/2b0u,3
2022-01-25,"Sherlock, Jr.",1924,https://boxd.it/298m,3
2022-01-25,I Don't Feel at Home in This World Anymore,2017,https://boxd.it/f42u,3
2022-01-25,And Now for Something Completely Different,1971,https://boxd.it/1Z74,2
2022-01-25,The Adventures of Tintin,2011,https://boxd.it/1Irc,4
2022-01-25,Edward Scissorhands,1990,https://boxd.it/2aZc,3
2022-01-25,Poltergeist,1982,https://boxd.it/2a0o,3
2022-01-25,Turbo Kid,2015,https://boxd.it/9X0c,3
2022-01-25,Rango,2011,https://boxd.it/QPk,3
2022-01-25,The Devil and Daniel Johnston,2005,https://boxd.it/1QzI,3
2022-01-25,"Monsters, Inc.",2001,https://boxd.it/2a46,4
2022-01-25,It's Such a Beautiful Day,2012,https://boxd.it/hCY2,3
2022-01-25,Wallace & Gromit: The Curse of the Were-Rabbit,2005,https://boxd.it/2ac0,3
2022-01-25,The Invisible Man,1933,https://boxd.it/1VoK,3
2022-01-25,Total Recall,1990,https://boxd.it/29qK,4
2022-01-25,Dead or Alive 2: Birds,2000,https://boxd.it/1Pbq,3
2022-01-25,National Treasure,2004,https://boxd.it/27x0,3
2022-01-25,The Abominable Dr. Phibes,1971,https://boxd.it/1HMe,3
2022-01-25,Man Bites Dog,1992,https://boxd.it/1X7Q,4
2022-01-25,The Great Escape,1963,https://boxd.it/22kA,4
2022-01-25,Death Race 2000,1975,https://boxd.it/1QuI,3
2022-01-25,Blade of the Immortal,2017,https://boxd.it/f5Pi,3
2022-01-25,Knives Out,2019,https://boxd.it/jWEA,3
2022-01-25,Supersonic,2016,https://boxd.it/eyzG,3
2022-01-25,Magicians,2007,https://boxd.it/1X8Y,3
2022-01-25,Godzilla,2014,https://boxd.it/47OE,3
2022-01-25,Rogue One: A Star Wars Story,2016,https://boxd.it/aPvy,3
2022-01-25,Mobile Suit Gundam I,1981,https://boxd.it/14bo,3
2022-01-25,Halloween,2018,https://boxd.it/f0uE,3
2022-01-25,Superbad,2007,https://boxd.it/20hO,3
2022-01-25,Back to the Future Part II,1989,https://boxd.it/2aYI,3
2022-01-25,Hellboy,2004,https://boxd.it/28HK,3
2022-01-25,BlacKkKlansman,2018,https://boxd.it/hxL8,3
2022-01-25,Paul,2011,https://boxd.it/13uE,3
2022-01-25,Star Trek Beyond,2016,https://boxd.it/5Ik4,3
2022-01-25,Chasing Amy,1997,https://boxd.it/274W,3
2022-01-25,Mobile Suit Gundam Thunderbolt: December Sky,2016,https://boxd.it/ed8O,3
2022-01-25,Borat Subsequent Moviefilm,2020,https://boxd.it/rNS0,3
2022-01-25,Soul,2020,https://boxd.it/ioLA,3
2022-01-25,El Camino: A Breaking Bad Movie,2019,https://boxd.it/kv0q,3
2022-01-25,Nobody,2021,https://boxd.it/mLqS,3
2022-01-25,Speed,1994,https://boxd.it/28qk,3
2022-01-25,Dead Poets Society,1989,https://boxd.it/2aSg,3
2022-01-25,The Squid and the Whale,2005,https://boxd.it/1VAG,3
2022-01-25,Bulworth,1998,https://boxd.it/1YE2,3
2022-01-25,The Lower Depths,1936,https://boxd.it/OFs,3
2022-01-25,The Trip to Italy,2014,https://boxd.it/77go,3
2022-01-25,The Trip,2010,https://boxd.it/6Bc,4
2022-01-25,Kingpin,1996,https://boxd.it/1TB8,3
2022-01-25,Rusty Knife,1958,https://boxd.it/2qg8,3
2022-01-25,Losing Ground,1982,https://boxd.it/8jau,3
2022-01-25,The Merchant of Four Seasons,1972,https://boxd.it/1WzO,3
2022-01-25,Permanent Vacation,1980,https://boxd.it/171c,3
2022-01-25,Ugetsu,1953,https://boxd.it/1NyM,4
2022-01-25,Chan Is Missing,1982,https://boxd.it/1OpG,3
2022-01-25,Sole Survivor,1984,https://boxd.it/1n5Y,3
2022-01-25,A Face in the Crowd,1957,https://boxd.it/2lyc,3
2022-01-25,Be Kind Rewind,2008,https://boxd.it/23Au,3
2022-01-25,Shutter Island,2010,https://boxd.it/1U82,3
2022-01-25,Hugo,2011,https://boxd.it/R08,3
2022-01-25,The Story of a Company,1988,https://boxd.it/9OZg,3
2022-01-25,The Darjeeling Limited,2007,https://boxd.it/24as,3
2022-01-25,The Muppets,2011,https://boxd.it/1zg,3
2022-01-25,The Tale of Zatoichi,1962,https://boxd.it/1JMq,3
2022-01-25,The Tale of Zatoichi Continues,1962,https://boxd.it/1JMg,3
2022-01-25,"Good Night, and Good Luck.",2005,https://boxd.it/25vG,3
2022-01-25,Pale Flower,1964,https://boxd.it/dGS,3
2022-01-25,Serial Mom,1994,https://boxd.it/1Tty,3
2022-01-25,Husbands,1970,https://boxd.it/zOY,3
2022-01-25,Greed,2019,https://boxd.it/kOom,3
2022-01-25,The Power of the Dog,2021,https://boxd.it/m99E,3
2022-01-25,Twin Dragons,1992,https://boxd.it/1GmE,3
2022-01-25,Swans: Where Does a Body End?,2019,https://boxd.it/lSh2,3
2022-01-25,Frankenstein,1931,https://boxd.it/25Te,3
2022-01-25,Pinocchio,1940,https://boxd.it/1V8C,3
2022-01-25,Godzilla 2000: Millennium,1999,https://boxd.it/1VKm,3
2022-01-25,Bubba Ho-tep,2002,https://boxd.it/1Y02,3
2022-01-25,Rocky II,1979,https://boxd.it/28Ua,3
2022-01-25,The Pervert's Guide to Ideology,2012,https://boxd.it/4bOI,3
2022-01-25,Poultrygeist: Night of the Chicken Dead,2006,https://boxd.it/1ISi,3
2022-01-25,Mobile Suit Gundam 0080: War in the Pocket,1989,https://boxd.it/r2Xi,3
2022-01-25,Mobile Suit Gundam II: Soldiers of Sorrow,1981,https://boxd.it/14be,3
2022-01-25,They'll Love Me When I'm Dead,2018,https://boxd.it/jB6M,3
2022-01-25,Scream 2,1997,https://boxd.it/24Es,3
2022-01-25,As Tears Go By,1988,https://boxd.it/1ybI,3
2022-01-25,Pirates of the Caribbean: Dead Men Tell No Tales,2017,https://boxd.it/5a9m,2
2022-01-25,Exiled,2006,https://boxd.it/1Pn2,3
2022-01-25,Tiger on the Beat,1988,https://boxd.it/366,3
2022-01-25,Thank You for Smoking,2005,https://boxd.it/1YOc,3
2022-01-25,Roger & Me,1989,https://boxd.it/289I,4
2022-01-25,Election 2,2006,https://boxd.it/1MRe,3
2022-01-25,The Tragedy of Macbeth,2021,https://boxd.it/lMi4,3
2022-01-25,California Split,1974,https://boxd.it/1hRs,4
2022-01-25,The Magnificent Seven,2016,https://boxd.it/aZAy,2
2022-01-25,Man of Steel,2013,https://boxd.it/FRk,2
2022-01-25,Friday the 13th,1980,https://boxd.it/24fs,2
2022-01-25,The People vs. George Lucas,2010,https://boxd.it/2xFE,1
2022-01-25,Black Panther,2018,https://boxd.it/8MHs,2
2022-01-25,The Lego Batman Movie,2017,https://boxd.it/azp0,2
2022-01-25,Rambo: First Blood Part II,1985,https://boxd.it/28TQ,1
2022-01-25,Yes Man,2008,https://boxd.it/1WPW,2
2022-01-25,Darkest Hour,2017,https://boxd.it/dZZa,1
2022-01-25,Avengers: Age of Ultron,2015,https://boxd.it/3qi6,2
2022-01-25,Finding Dory,2016,https://boxd.it/4aAA,2
2022-01-25,Monsters University,2013,https://boxd.it/bQm,3
2022-01-25,Madagascar 3: Europe's Most Wanted,2012,https://boxd.it/2NF6,2
2022-01-25,Split,2016,https://boxd.it/dgSy,2
2022-01-25,Transformers,2007,https://boxd.it/280c,2
2022-01-25,Brother Bear,2003,https://boxd.it/1Xjs,2
2022-01-25,Paul Blart: Mall Cop,2009,https://boxd.it/1NQw,2
2022-01-25,Osmosis Jones,2001,https://boxd.it/1RAi,2
2022-01-25,Confessions of a Dangerous Mind,2002,https://boxd.it/23Gi,2
2022-01-25,The Martian,2015,https://boxd.it/8SeG,3
2022-01-25,Flushed Away,2006,https://boxd.it/1Tpm,3
2022-01-25,Wonder Woman,2017,https://boxd.it/9roG,2
2022-01-25,Madagascar,2005,https://boxd.it/29dc,2
2022-01-25,Cloudy with a Chance of Meatballs,2009,https://boxd.it/1A40,2
2022-01-25,Ice Age,2002,https://boxd.it/2apS,3
2022-01-25,The SpongeBob Movie: Sponge Out of Water,2015,https://boxd.it/6JxU,2
2022-01-25,Gravity,2013,https://boxd.it/GZY,3
2022-01-25,Men in Black,1997,https://boxd.it/2a0I,2
2022-01-25,Jumanji,1995,https://boxd.it/1ZLI,2
2022-01-25,Mission: Impossible - Rogue Nation,2015,https://boxd.it/5rI4,3
2022-01-25,Megamind,2010,https://boxd.it/16Sk,3
2022-01-25,Tomorrowland,2015,https://boxd.it/4YaC,2
2022-01-25,Miracle on 34th Street,1994,https://boxd.it/1W5k,2
2022-01-25,Igor,2008,https://boxd.it/1OsA,2
2022-01-25,Of Mice and Men,1992,https://boxd.it/1Yfm,2
2022-01-25,Bruce Almighty,2003,https://boxd.it/2aCC,2
2022-01-25,Treasure Planet,2002,https://boxd.it/1Znm,2
2022-01-25,Lilo & Stitch,2002,https://boxd.it/1TAY,3
2022-01-25,RV,2006,https://boxd.it/1YrW,2
2022-01-25,Superman Returns,2006,https://boxd.it/28J2,2
2022-01-25,Happy Feet,2006,https://boxd.it/1XH0,2
2022-01-25,Mr. Bean's Holiday,2007,https://boxd.it/28Yc,2
2022-01-25,The Road to El Dorado,2000,https://boxd.it/1W6s,2
2022-01-25,Over the Hedge,2006,https://boxd.it/20QY,2
2022-01-25,War of the Worlds,2005,https://boxd.it/2bde,2
2022-01-25,Shrek the Third,2007,https://boxd.it/29yY,2
2022-01-25,Evan Almighty,2007,https://boxd.it/26s4,2
2022-01-25,Hercules,1997,https://boxd.it/1SDW,2
2022-01-25,Night at the Museum,2006,https://boxd.it/28wi,2
2022-01-25,Eagle vs Shark,2007,https://boxd.it/1ZSY,3
2022-01-25,The Angry Birds Movie,2016,https://boxd.it/4PBu,2
2022-01-25,Captain America: Civil War,2016,https://boxd.it/89Ja,2
2022-01-25,Ghostbusters,2016,https://boxd.it/Vm8,2
2022-01-25,Space Cop,2016,https://boxd.it/8DF8,1
2022-01-25,Eddie the Eagle,2015,https://boxd.it/amAY,2
2022-01-25,Men in Black 3,2012,https://boxd.it/103U,2
2022-01-25,The Judge,2014,https://boxd.it/6aiU,2
2022-01-25,Kingsman: The Secret Service,2014,https://boxd.it/6dxe,1
2022-01-25,Night at the Museum: Secret of the Tomb,2014,https://boxd.it/5x3m,2
2022-01-25,The Man from U.N.C.L.E.,2015,https://boxd.it/67lG,2
2022-01-25,Journey 2: The Mysterious Island,2012,https://boxd.it/2o8m,2
2022-01-25,Mission: Impossible - Fallout,2018,https://boxd.it/bSVc,3
2022-01-25,Spectre,2015,https://boxd.it/6bXY,2
2022-01-25,The Three Stooges,2012,https://boxd.it/2DFA,2
2022-01-25,Skyscraper,2018,https://boxd.it/fVqa,2
2022-01-25,Madagascar: Escape 2 Africa,2008,https://boxd.it/1W2K,2
2022-01-25,Robots,2005,https://boxd.it/1Xve,2
2022-01-25,Shark Tale,2004,https://boxd.it/1VYe,2
2022-01-25,A Quiet Place,2018,https://boxd.it/fVJQ,2
2022-01-25,Spider-Man: Far From Home,2019,https://boxd.it/fegG,2
2022-01-25,Avengers: Endgame,2019,https://boxd.it/9vE4,2
2022-01-25,The Hobbit: The Battle of the Five Armies,2014,https://boxd.it/43aU,1
2022-01-25,Joker,2019,https://boxd.it/h4cS,1
2022-01-25,Sonic the Hedgehog,2020,https://boxd.it/gdK8,2
2022-01-25,Friday the 13th Part 2,1981,https://boxd.it/1XXC,2
2022-01-25,Bombshell,2019,https://boxd.it/j5YC,2
2022-01-25,The Stanford Prison Experiment,2015,https://boxd.it/9QQK,2
2022-01-25,Irresistible,2020,https://boxd.it/lVwO,1
2022-01-25,Thor,2011,https://boxd.it/1WQU,2
2022-01-25,T2 Trainspotting,2017,https://boxd.it/5vTA,2
2022-01-25,Avengers: Infinity War,2018,https://boxd.it/9vEe,2
2022-01-25,Bananas,1971,https://boxd.it/1UbA,2
2022-01-25,Godzilla vs. Kong,2021,https://boxd.it/e0qK,2
2022-01-25,The Green Knight,2021,https://boxd.it/kuy2,2
2022-01-25,Three,2016,https://boxd.it/cYWW,2
2022-01-25,The Scary of Sixty-First,2021,https://boxd.it/r6uY,2
2022-01-25,Halloween II,1981,https://boxd.it/1UeE,2
2022-01-25,The Wolf of Wall Street,2013,https://boxd.it/3C1m,2
2022-01-25,Strange Powers: Stephin Merritt and the Magnetic Fields,2011,https://boxd.it/JWy,2
2022-01-25,On the Rocks,2020,https://boxd.it/l8aY,2
2022-01-25,Alvin and the Chipmunks: The Road Chip,2015,https://boxd.it/7DWQ,1
2022-01-25,The Smurfs 2,2013,https://boxd.it/2HvO,1
2022-01-25,Pixels,2015,https://boxd.it/7BaA,1
2022-01-25,Force of Execution,2013,https://boxd.it/6If6,1
2022-01-25,The Expendables 3,2014,https://boxd.it/4rmK,1
2022-01-25,Batman v Superman: Dawn of Justice,2016,https://boxd.it/6fBW,1
2022-01-25,Crocodile Dundee II,1988,https://boxd.it/1YMU,1
2022-01-25,The Lorax,2012,https://boxd.it/2w9M,1
2022-01-25,Transformers: Revenge of the Fallen,2009,https://boxd.it/20gG,1
2022-01-25,The Dark Tower,2017,https://boxd.it/bU66,1
2022-01-25,Battle: Los Angeles,2011,https://boxd.it/QIS,1
2022-01-25,Chicken Little,2005,https://boxd.it/1Xnu,1
2022-01-25,The Sorcerer's Apprentice,2010,https://boxd.it/1sGg,1
2022-01-25,Rampage,2018,https://boxd.it/f9a4,2
2022-01-25,RoboCop,2014,https://boxd.it/3m4k,1
2022-01-25,Terminator Genisys,2015,https://boxd.it/35s0,1
2022-01-25,After Earth,2013,https://boxd.it/2TSg,2
2022-01-25,Alvin and the Chipmunks: Chipwrecked,2011,https://boxd.it/s9E,1
2022-01-25,Forrest Gump,1994,https://boxd.it/728,1
2022-01-25,Dragged Across Concrete,2018,https://boxd.it/fAly,2
2022-01-25,G.I. Joe: Retaliation,2013,https://boxd.it/2o6A,2
2022-01-26,The Grandmaster,2013,https://boxd.it/QU0,3
2022-01-26,The Other Side of Hope,2017,https://boxd.it/fcFE,4
2022-01-26,Shang-Chi and the Legend of the Ten Rings,2021,https://boxd.it/kLDI,2
2022-01-26,A Good Day to Die Hard,2013,https://boxd.it/JrK,1
2022-01-26,White House Down,2013,https://boxd.it/3TOg,2
2022-01-26,Feeding Frenzy,2010,https://boxd.it/3xhu,2
2022-01-26,Mister America,2019,https://boxd.it/mDiQ,4
2022-01-27,Maze Runner: The Scorch Trials,2015,https://boxd.it/9hwA,2
2022-01-27,Toy Story 4,2019,https://boxd.it/9ALu,3
2022-01-27,Wreck-It Ralph,2012,https://boxd.it/2TTS,3
2022-01-27,John Carter,2012,https://boxd.it/FQ2,2
2022-01-27,Battleship,2012,https://boxd.it/QZ0,1
2022-01-27,Brave,2012,https://boxd.it/bVG,2
2022-01-27,Mission: Impossible - Ghost Protocol,2011,https://boxd.it/psI,3
2022-01-27,G.I. Joe: The Rise of Cobra,2009,https://boxd.it/1Ndu,1
2022-01-27,Legend of the Guardians: The Owls of Ga'Hoole,2010,https://boxd.it/ZUy,2
2022-01-27,The Princess and the Frog,2009,https://boxd.it/1WQq,3
2022-01-27,The Bourne Ultimatum,2007,https://boxd.it/26Eu,3
2022-01-27,Mission: Impossible III,2006,https://boxd.it/29cI,3
2022-01-27,The Last Samurai,2003,https://boxd.it/29ZA,3
2022-01-27,Space Jam,1996,https://boxd.it/26YO,2
2022-01-27,Dumb and Dumber,1994,https://boxd.it/206m,3
2022-01-27,The Sound of Music,1965,https://boxd.it/1MLK,3
2022-01-27,The Maze Runner,2014,https://boxd.it/5YPM,2
2022-01-27,Zootopia,2016,https://boxd.it/84xS,3
2022-01-27,The Meg,2018,https://boxd.it/bAL4,3
2022-01-27,Deadpool 2,2018,https://boxd.it/dlLM,2
2022-01-27,The Golden Compass,2007,https://boxd.it/272Q,2
2022-01-27,Fred Claus,2007,https://boxd.it/236O,2
2022-01-27,Blade II,2002,https://boxd.it/1agO,3
2022-01-27,Killer Klowns from Outer Space,1988,https://boxd.it/1Kpi,3
2022-01-27,Ace Ventura: Pet Detective,1994,https://boxd.it/25RW,2
2022-01-27,The Grinch,2018,https://boxd.it/chpK,2
2022-01-27,Crocodile Dundee,1986,https://boxd.it/1Y5Q,2
2022-01-27,Gone with the Wind,1939,https://boxd.it/29Fq,2
2022-01-27,The Bourne Legacy,2012,https://boxd.it/H16,2
2022-01-27,Garfield,2004,https://boxd.it/1ZAA,2
2022-01-27,Fantasia,1940,https://boxd.it/29HG,4
2022-01-28,Zeros and Ones,2021,https://boxd.it/sDyG,3
2022-02-02,Booksmart,2019,https://boxd.it/igNS,3
2022-02-02,Bad Education,2004,https://boxd.it/2b2K,4
2022-02-03,Badlands,1973,https://boxd.it/25Fm,5
2022-02-05,Drive My Car,2021,https://boxd.it/sv94,5
2022-02-08,Dune,2021,https://boxd.it/fA7G,2
2022-02-13,Sonatine,1993,https://boxd.it/20TI,5
2022-02-13,Moonfall,2022,https://boxd.it/ejwM,2
2022-02-14,Barton Fink,1991,https://boxd.it/2aFQ,5
2022-02-14,Tenacious D in The Pick of Destiny,2006,https://boxd.it/27go,3
2022-02-15,True Stories,1986,https://boxd.it/1wXU,5
2022-02-15,Catch Me If You Can,2002,https://boxd.it/29VS,3
2022-02-15,Jack Reacher: Never Go Back,2016,https://boxd.it/buAY,1
2022-02-15,Matilda,1996,https://boxd.it/1VhY,3
2022-02-15,James and the Giant Peach,1996,https://boxd.it/1W0O,3
2022-02-15,Bottle Rocket,1996,https://boxd.it/1PDa,5
2022-02-19,Licorice Pizza,2021,https://boxd.it/qTKY,4
2022-02-21,Crumb,1994,https://boxd.it/1tDi,5
2022-03-01,Spirited Away,2001,https://boxd.it/2b4m,5
2022-03-02,"Sing, Young People",1963,https://boxd.it/49RA,3
2022-03-04,Nausicaä of the Valley of the Wind,1984,https://boxd.it/2bc6,3
2022-03-07,Tim and Eric's Billion Dollar Movie,2012,https://boxd.it/2MI4,4
2022-03-07,Le Samouraï,1967,https://boxd.it/22ZI,4
2022-03-10,Tenet,2020,https://boxd.it/leq4,2
2022-03-11,Happiness,1998,https://boxd.it/1VEe,5
2022-03-16,Weekend,2011,https://boxd.it/2Kzu,4
2022-03-18,Red Beard,1965,https://boxd.it/251m,4
2022-03-19,Antoine and Colette,1962,https://boxd.it/2aKQ,3
2022-03-20,Boiling Point,1990,https://boxd.it/1sQA,4
2022-03-20,Everything You Always Wanted to Know About Sex *But Were Afraid to Ask,1972,https://boxd.it/1Toy,2
2022-03-23,Ema,2019,https://boxd.it/jHWa,3
2022-03-27,Moonrise Kingdom,2012,https://boxd.it/2Wng,4
2022-03-30,Cry-Baby,1990,https://boxd.it/1XRa,3
2022-04-01,The Godfather,1972,https://boxd.it/2aNK,5
2022-04-05,Slacker,1990,https://boxd.it/1OUu,4
2022-04-05,Southland Tales,2006,https://boxd.it/23Uu,1
2022-04-06,Beasts of the Southern Wild,2012,https://boxd.it/2XPK,3
2022-04-07,Dazed and Confused,1993,https://boxd.it/1Ylk,4
2022-04-07,Stranger Than Paradise,1984,https://boxd.it/2ajU,4
2022-04-09,Nashville,1975,https://boxd.it/25GE,5
2022-04-10,The Killing,1956,https://boxd.it/2aMi,4
2022-04-11,The Heartbreak Kid,1972,https://boxd.it/11aM,4
2022-04-11,Targets,1968,https://boxd.it/1Fbq,4
2022-04-12,"Play It Again, Sam",1972,https://boxd.it/1TqO,3
2022-04-12,"Hi, Mom!",1970,https://boxd.it/Wwy,4
2022-04-13,Kiki's Delivery Service,1989,https://boxd.it/1JAY,4.5
2022-04-13,Dracula,1931,https://boxd.it/2b34,3.5
2022-04-13,A Ghost Story,2017,https://boxd.it/fb0K,3.5
2022-04-13,Ghost in the Shell,1995,https://boxd.it/1YYc,3.5
2022-04-13,A Colt Is My Passport,1967,https://boxd.it/15la,3.5
2022-04-13,Boiling Point,2021,https://boxd.it/uo2u,3.5
2022-04-13,Fahrenheit 9/11,2004,https://boxd.it/28a2,3.5
2022-04-13,All About My Mother,1999,https://boxd.it/2b9c,3.5
2022-04-13,Dunkirk,2017,https://boxd.it/d0Y6,3.5
2022-04-13,Bullitt,1968,https://boxd.it/29i2,3.5
2022-04-13,McCabe & Mrs. Miller,1971,https://boxd.it/1ooC,3.5
2022-04-13,Judas and the Black Messiah,2021,https://boxd.it/lsew,3.5
2022-04-13,Leningrad Cowboys Go America,1989,https://boxd.it/1TLs,3.5
2022-04-13,Mean Streets,1973,https://boxd.it/2aSU,3.5
2022-04-13,RoboCop 2,1990,https://boxd.it/22Wk,3.5
2022-04-13,Raiders!: The Story of the Greatest Fan Film Ever Made,2015,https://boxd.it/aNf4,2.5
2022-04-13,Wayne's World,1992,https://boxd.it/1ZHG,3.5
2022-04-13,Austin Powers: The Spy Who Shagged Me,1999,https://boxd.it/29xQ,3.5
2022-04-13,Take Aim at the Police Van,1960,https://boxd.it/2qfE,3.5
2022-04-13,Rumble in the Bronx,1995,https://boxd.it/1fi6,3.5
2022-04-13,Infernal Affairs,2002,https://boxd.it/1Vqw,3.5
2022-04-13,A Woman Is a Woman,1961,https://boxd.it/1iUC,3.5
2022-04-13,State of Siege,1972,https://boxd.it/3dao,3.5
2022-04-13,The Fly,1986,https://boxd.it/1YIe,3.5
2022-04-13,The Umbrellas of Cherbourg,1964,https://boxd.it/22fK,3.5
2022-04-13,Austin Powers: International Man of Mystery,1997,https://boxd.it/29y0,3.5
2022-04-13,After Life,1998,https://boxd.it/1HMI,3.5
2022-04-13,Jennifer's Body,2009,https://boxd.it/1Efw,3.5
2022-04-13,Shadows in Paradise,1986,https://boxd.it/73A,3.5
2022-04-13,The Bitter Tears of Petra von Kant,1972,https://boxd.it/1WzE,3.5
2022-04-13,Babo 73,1964,https://boxd.it/3LJW,3.5
2022-04-13,Zazie dans le Métro,1960,https://boxd.it/26Co,3.5
2022-04-13,The Seventh Continent,1989,https://boxd.it/1gB4,3.5
2022-04-13,Still Life,2006,https://boxd.it/26Tk,3.5
2022-04-13,Mad Max,1979,https://boxd.it/1Y7i,3.5
2022-04-13,Old Joy,2006,https://boxd.it/1tIW,3.5
2022-04-13,Schizopolis,1996,https://boxd.it/1Keu,3.5
2022-04-13,The Lobster,2015,https://boxd.it/7tnw,3.5
2022-04-13,Tokyo Fist,1995,https://boxd.it/Z2m,3.5
2022-04-13,The Seventh Curse,1986,https://boxd.it/12XA,3.5
2022-04-13,Halloween Kills,2021,https://boxd.it/mxzG,3.5
2022-04-13,Sebastiane,1976,https://boxd.it/Xog,3.5
2022-04-13,The Third Man,1949,https://boxd.it/294E,3.5
2022-04-13,Pitfall,1962,https://boxd.it/uXm,3.5
2022-04-13,Polyester,1981,https://boxd.it/1Oq0,3.5
2022-04-13,The Hidden Fortress,1958,https://boxd.it/295M,3.5
2022-04-13,Mikey and Nicky,1976,https://boxd.it/iL4,3.5
2022-04-13,Rope,1948,https://boxd.it/28yo,3.5
2022-04-13,Shiva Baby,2020,https://boxd.it/oIv0,3.5
2022-04-13,Gangs of New York,2002,https://boxd.it/25FG,2.5
2022-04-13,Life During Wartime,2009,https://boxd.it/13cq,2.5
2022-04-13,Chinatown,1974,https://boxd.it/29vU,2.5
2022-04-13,The Matrix Revolutions,2003,https://boxd.it/2a12,2.5
2022-04-13,Astro Boy,2009,https://boxd.it/1JVW,2.5
2022-04-13,Lethal Weapon,1987,https://boxd.it/29e0,2.5
2022-04-13,American History X,1998,https://boxd.it/2bdo,2.5
2022-04-13,Killer's Kiss,1955,https://boxd.it/1Xcc,2.5
2022-04-13,The Post,2017,https://boxd.it/fTeG,2.5
2022-04-13,Yesterday,2019,https://boxd.it/iF7M,2.5
2022-04-13,Batman Forever,1995,https://boxd.it/2ara,2.5
2022-04-13,Rocky III,1982,https://boxd.it/28Tw,2.5
2022-04-13,Goldfinger,1964,https://boxd.it/29SY,2.5
2022-04-13,Godzilla Raids Again,1955,https://boxd.it/28k2,2.5
2022-04-13,Tag,2015,https://boxd.it/bjvI,2.5
2022-04-13,Last Night in Soho,2021,https://boxd.it/lbJC,2.5
2022-04-13,Godzilla,1998,https://boxd.it/29fW,1.5
2022-04-13,Star Wars: Episode I - The Phantom Menace,1999,https://boxd.it/27Vc,1.5
2022-04-13,Ready Player One,2018,https://boxd.it/aZes,1.5
2022-04-13,Grown Ups,2010,https://boxd.it/169a,1.5
2022-04-13,Venom,2018,https://boxd.it/b8wA,1.5
2022-04-13,Jurassic World: Fallen Kingdom,2018,https://boxd.it/bOnU,1.5
2022-04-13,Independence Day,1996,https://boxd.it/2a1w,1.5
2022-04-13,Teenage Mutant Ninja Turtles,2014,https://boxd.it/3oAs,1.5
2022-04-13,The Tenant,1976,https://boxd.it/1TKk,1.5
2022-04-13,Scooby-Doo 2: Monsters Unleashed,2004,https://boxd.it/1UPA,1.5
2022-04-13,Transformers: Age of Extinction,2014,https://boxd.it/3d1m,0.5
2022-04-13,Jack and Jill,2011,https://boxd.it/2pQu,0.5
2022-04-13,The Hunger Games,2012,https://boxd.it/2uds,2.5
2022-04-13,Deadpool,2016,https://boxd.it/9fOC,0.5
2022-04-13,The Godfather: Part II,1974,https://boxd.it/2aNq,4.5
2022-04-13,"I, Robot",2004,https://boxd.it/27y8,1.5
2022-04-13,Secret Sunshine,2007,https://boxd.it/27CY,4.5
2022-04-13,Stray Dog,1949,https://boxd.it/1ltu,4.5
2022-04-13,Rebels of the Neon God,1992,https://boxd.it/mp2,4.5
2022-04-13,Election,1999,https://boxd.it/1YEc,4.5
2022-04-13,Raising Arizona,1987,https://boxd.it/2avQ,4.5
2022-04-13,Zodiac,2007,https://boxd.it/27MO,4.5
2022-04-13,Hard Eight,1996,https://boxd.it/20DU,4.5
2022-04-13,Vertigo,1958,https://boxd.it/2apI,5
2022-04-13,Dr. Strangelove or: How I Learned to Stop Worrying and Love the Bomb,1964,https://boxd.it/29eY,4.5
2022-04-13,One Flew Over the Cuckoo's Nest,1975,https://boxd.it/2aeA,4.5
2022-04-13,Late Spring,1949,https://boxd.it/1DkK,4.5
2022-04-13,F for Fake,1973,https://boxd.it/VxA,4.5
2022-04-13,Meantime,1983,https://boxd.it/loW,4.5
2022-04-13,Cure,1997,https://boxd.it/1blA,4.5
2022-04-13,Psycho,1960,https://boxd.it/2ab2,4.5
2022-04-13,Bringing Out the Dead,1999,https://boxd.it/1ZZK,4.5
2022-04-13,12 Angry Men,1957,https://boxd.it/2auI,4.5
2022-04-13,The Thing,1982,https://boxd.it/294O,4.5
2022-04-13,Halloween,1978,https://boxd.it/2wRu,4.5
2022-04-13,An American Werewolf in London,1981,https://boxd.it/29yk,4.5
2022-04-13,A Serious Man,2009,https://boxd.it/1RFW,4.5
2022-04-13,Broken Flowers,2005,https://boxd.it/2aCW,4.5
2022-04-13,Some Like It Hot,1959,https://boxd.it/2aNA,4.5
2022-04-13,The Beatles: Get Back,2021,https://boxd.it/xo7A,4.5
2022-04-13,Violent Cop,1989,https://boxd.it/1Rym,4.5
2022-04-13,Thief,1981,https://boxd.it/1TEc,4.5
2022-04-13,Drowning by Numbers,1988,https://boxd.it/1rYe,4.5
2022-04-13,Rumble Fish,1983,https://boxd.it/2aOI,5
2022-04-13,Platform,2000,https://boxd.it/2O0S,4.5
2022-04-13,Life Is Sweet,1990,https://boxd.it/19GQ,4.5
2022-04-13,Titane,2021,https://boxd.it/nlQC,4.5
2022-04-13,eXistenZ,1999,https://boxd.it/27Ni,4.5
2022-04-13,The Matrix,1999,https://boxd.it/2a1m,4.5
2022-04-13,Coffee and Cigarettes,2003,https://boxd.it/29nc,4.5
2022-04-13,City on Fire,1987,https://boxd.it/XGY,4.5
2022-04-13,The Irishman,2019,https://boxd.it/dYOq,4.5
2022-04-13,Mona Lisa,1986,https://boxd.it/1XkA,4.5
2022-04-13,El Topo,1970,https://boxd.it/1QYS,4.5
2022-04-13,Wheel of Fortune and Fantasy,2021,https://boxd.it/tWcm,4.5
2022-04-13,Wild at Heart,1990,https://boxd.it/2aii,4.5
2022-04-13,Little Miss Sunshine,2006,https://boxd.it/29EW,4.5
2022-04-13,"Salò, or the 120 Days of Sodom",1975,https://boxd.it/237s,4.5
2022-04-13,In the Realm of the Senses,1976,https://boxd.it/22qS,4.5
2022-04-13,Jaws,1975,https://boxd.it/2a5e,4.5
2022-04-13,Blood Simple,1984,https://boxd.it/1U16,4.5
2022-04-13,Sympathy for Lady Vengeance,2005,https://boxd.it/248G,4.5
2022-04-13,Sexy Beast,2000,https://boxd.it/1SZS,4.5
2022-04-13,2046,2004,https://boxd.it/29tu,4.5
2022-04-13,Snatch,2000,https://boxd.it/2b7U,4.5
2022-04-13,Bronson,2008,https://boxd.it/1GM8,4.5
2022-04-13,The Long Good Friday,1980,https://boxd.it/1NlS,4.5
2022-04-13,Shin Godzilla,2016,https://boxd.it/a9lm,4.5
2022-04-13,Heat,1995,https://boxd.it/2bg8,4.5
2022-04-13,First Reformed,2017,https://boxd.it/go9C,4.5
2022-04-13,Police Story,1985,https://boxd.it/1Zhe,4.5
2022-04-13,The Blues Brothers,1980,https://boxd.it/2adi,4.5
2022-04-13,Turning Red,2022,https://boxd.it/ipkq,3.5
2022-04-13,The Quiet Duel,1949,https://boxd.it/18aO,3.5
2022-04-13,Parallel Mothers,2021,https://boxd.it/sOP4,3.5
2022-04-13,Police Story 3: Super Cop,1992,https://boxd.it/1Uyk,3.5
2022-04-13,Antiporno,2016,https://boxd.it/eDjy,3.5
2022-04-13,E.T. the Extra-Terrestrial,1982,https://boxd.it/2a1G,3.5
2022-04-13,Rainy Dog,1997,https://boxd.it/1b08,3.5
2022-04-13,Creepshow,1982,https://boxd.it/1KqU,3.5
2022-04-13,Three Outlaw Samurai,1964,https://boxd.it/jni,3.5
2022-04-13,For a Few Dollars More,1965,https://boxd.it/29eu,3.5
2022-04-13,Me and Earl and the Dying Girl,2015,https://boxd.it/9SAE,3.5
2022-04-13,The Fisher King,1991,https://boxd.it/2aWM,3.5
2022-04-13,Snow White and the Seven Dwarfs,1937,https://boxd.it/2arO,3.5
2022-04-13,Eighth Grade,2018,https://boxd.it/hDMG,3.5
2022-04-13,Beavis and Butt-Head Do America,1996,https://boxd.it/25zo,3.5
2022-04-13,Night of the Creeps,1986,https://boxd.it/1LzI,3.5
2022-04-13,The Magnificent Seven,1960,https://boxd.it/29bA,3.5
2022-04-13,Young Adult,2011,https://boxd.it/nn2,3.5
2022-04-13,Shallow Grave,1994,https://boxd.it/1XyW,3.5
2022-04-13,Good Time,2017,https://boxd.it/fcFu,3.5
2022-04-13,Psycho II,1983,https://boxd.it/1VUQ,3.5
2022-04-13,I Vitelloni,1953,https://boxd.it/1RJE,3.5
2022-04-13,It Follows,2014,https://boxd.it/87wo,3.5
2022-04-13,Logan,2017,https://boxd.it/7Piy,3.5
2022-04-13,Lara Croft: Tomb Raider,2001,https://boxd.it/27G2,3.5
2022-04-13,Tremors,1990,https://boxd.it/1YSe,3.5
2022-04-13,Free Fire,2016,https://boxd.it/b2Ig,3.5
2022-04-13,Marriage Story,2019,https://boxd.it/hJAw,3.5
2022-04-13,Kong: Skull Island,2017,https://boxd.it/9ewM,3.5
2022-04-13,Snowpiercer,2013,https://boxd.it/3Icg,3.5
2022-04-13,"O Brother, Where Art Thou?",2000,https://boxd.it/2b3I,3.5
2022-04-13,"South Park: Bigger, Longer & Uncut",1999,https://boxd.it/1YAO,3.5
2022-04-13,Inside Out,2015,https://boxd.it/4KHC,3.5
2022-04-13,From Dusk Till Dawn,1996,https://boxd.it/29HQ,3.5
2022-04-13,The Gold of Naples,1954,https://boxd.it/pTa,3.5
2022-04-13,Days of Heaven,1978,https://boxd.it/1JRg,3.5
2022-04-13,Band of Outsiders,1964,https://boxd.it/20Aw,3.5
2022-04-13,Eating Raoul,1982,https://boxd.it/1owc,3.5
2022-04-13,Jubilee,1978,https://boxd.it/Zp6,3.5
2022-04-13,The Killing of a Chinese Bookie,1976,https://boxd.it/1hS6,3.5
2022-04-13,Dogma,1999,https://boxd.it/284e,3.5
2022-04-13,Cronos,1993,https://boxd.it/1TjS,3.5
2022-04-13,Pickup on South Street,1953,https://boxd.it/1uLM,3.5
2022-04-13,The Lone Ranger,2013,https://boxd.it/ngU,3.5
2022-04-13,Argo,2012,https://boxd.it/2czU,3.5
2022-04-13,Paddleton,2019,https://boxd.it/j4YQ,3.5
2022-04-13,The World's End,2013,https://boxd.it/3EiO,3.5
2022-04-13,Berberian Sound Studio,2012,https://boxd.it/3T30,3.5
2022-04-13,What We Do in the Shadows,2014,https://boxd.it/7eQy,3.5
2022-04-13,Woyzeck,1979,https://boxd.it/1Wyc,3.5
2022-04-13,The Doom Generation,1995,https://boxd.it/1PVe,3.5
2022-04-13,King Rocker,2020,https://boxd.it/lxfO,3.5
2022-04-13,The Big Short,2015,https://boxd.it/ajZw,3.5
2022-04-13,The Horse's Mouth,1958,https://boxd.it/Vc8,3.5
2022-04-13,Star Wars: The Last Jedi,2017,https://boxd.it/5xme,3.5
2022-04-13,The Shape of Water,2017,https://boxd.it/dZ5m,4.5
2022-04-13,Wild Strawberries,1957,https://boxd.it/29ZU,4.5
2022-04-13,No Country for Old Men,2007,https://boxd.it/21ew,4.5
2022-04-13,Braindead,1992,https://boxd.it/29Gy,4.5
2022-04-13,Bamboozled,2000,https://boxd.it/1xfa,3.5
2022-04-13,Planet of the Apes,1968,https://boxd.it/29p8,3.5
2022-04-13,The Only Son,1936,https://boxd.it/zX2,3.5
2022-04-13,The Lady from Shanghai,1947,https://boxd.it/251Q,3.5
2022-04-13,Alexander Nevsky,1938,https://boxd.it/1WKC,3.5
2022-04-13,Prometheus,2012,https://boxd.it/2s9e,3.5
2022-04-13,Vive L'Amour,1994,https://boxd.it/2wsa,4.5
2022-04-13,Rear Window,1954,https://boxd.it/2a6Q,4.5
2022-04-13,Sansho the Bailiff,1954,https://boxd.it/1Dkq,4.5
2022-04-13,Big Trouble in Little China,1986,https://boxd.it/21em,4.5
2022-04-13,Kwaidan,1964,https://boxd.it/1kbY,4.5
2022-04-13,Pig,2021,https://boxd.it/nzoW,4.5
2022-04-13,RoboCop,1987,https://boxd.it/22Wu,4.5
2022-04-13,Hunger,2008,https://boxd.it/1Wso,4.5
2022-04-13,Fighting Elegy,1966,https://boxd.it/WbU,3.5
2022-04-13,Police Story 2,1988,https://boxd.it/1VtU,3.5
2022-04-13,Home Alone 2: Lost in New York,1992,https://boxd.it/29F6,2.5
2022-04-13,Public Enemies,2009,https://boxd.it/1U8m,2.5
2022-04-13,Color Out of Space,2019,https://boxd.it/k1HY,2.5
2022-04-13,Armour of God,1986,https://boxd.it/1UXa,2.5
2022-04-13,Saving Private Ryan,1998,https://boxd.it/29ro,2.5
2022-04-13,Resident Evil,2002,https://boxd.it/28z2,2.5
2022-04-13,War Horse,2011,https://boxd.it/nf8,2.5
2022-04-13,The Jungle Book,2016,https://boxd.it/8wjk,2.5
2022-04-13,A Bug's Life,1998,https://boxd.it/1Yyy,2.5
2022-04-13,How to Train Your Dragon 2,2014,https://boxd.it/2TRW,2.5
2022-04-13,The Amazing Spider-Man,2012,https://boxd.it/27PI,2.5
2022-04-13,Hotel Transylvania 2,2015,https://boxd.it/4ZLk,2.5
2022-04-13,"Silent Night, Deadly Night",1984,https://boxd.it/1rRi,2.5
2022-04-13,Star Trek Into Darkness,2013,https://boxd.it/uYE,1.5
2022-04-13,Jurassic World,2015,https://boxd.it/4n0g,1.5
2022-04-13,"Sex, Lies, and Videotape",1989,https://boxd.it/28Oc,4
2022-04-14,In God We Trust,2000,https://boxd.it/AGw,2.5
2022-04-14,John Wick: Chapter 2,2017,https://boxd.it/ayGu,2.5
2022-04-14,Brüno,2009,https://boxd.it/1GSA,2.5
2022-04-14,Shut Up and Play the Hits,2012,https://boxd.it/2W7C,3.5
2022-04-14,Commando,1985,https://boxd.it/1UTs,3.5
2022-04-14,Nacho Libre,2006,https://boxd.it/1YTG,2.5
2022-04-14,Die Hard 2,1990,https://boxd.it/28zw,2.5
2022-04-14,Gorilla Interrupted,2003,https://boxd.it/5HeE,2.5
2022-04-14,Spider-Man: Homecoming,2017,https://boxd.it/aboM,2.5
2022-04-14,Saving Mr. Banks,2013,https://boxd.it/4vIq,2.5
2022-04-14,Shrek,2001,https://boxd.it/29zi,3.5
2022-04-14,Godzilla: King of the Monsters,2019,https://boxd.it/cY7Y,2.5
2022-04-14,Throw Down,2004,https://boxd.it/1vme,3.5
2022-04-14,The Death of Stalin,2017,https://boxd.it/ea9Y,3.5
2022-04-14,A Nightmare on Elm Street 3: Dream Warriors,1987,https://boxd.it/1X9W,3.5
2022-04-14,Ip Man,2008,https://boxd.it/1NrQ,3.5
2022-04-14,Mad Max Beyond Thunderdome,1985,https://boxd.it/1YTm,3.5
2022-04-14,Dressed to Kill,1980,https://boxd.it/1UO8,3.5
2022-04-14,Liz and the Blue Bird,2018,https://boxd.it/hksW,3.5
2022-04-14,Pee-wee's Big Adventure,1985,https://boxd.it/22Lw,3.5
2022-04-14,Lucky,2017,https://boxd.it/el3M,3.5
2022-04-14,Collateral,2004,https://boxd.it/28F0,3.5
2022-04-14,The Last Detail,1973,https://boxd.it/1Nbe,3.5
2022-04-14,The Living End,1992,https://boxd.it/1fRA,3.5
2022-04-14,The Lord of the Rings: The Return of the King,2003,https://boxd.it/2b5u,4.5
2022-04-14,Juno,2007,https://boxd.it/210a,3.5
2022-04-14,Jackass: The Movie,2002,https://boxd.it/1Zo0,3.5
2022-04-14,Jackass 3D,2010,https://boxd.it/1KpM,3.5
2022-04-14,Gunfight at the O.K. Corral,1957,https://boxd.it/1ATs,2.5
2022-04-14,Jim & Andy: The Great Beyond,2017,https://boxd.it/gO36,2.5
2022-04-14,The First Grader,2010,https://boxd.it/KqS,2.5
2022-04-14,The Rounders,1914,https://boxd.it/wFY,2.5
2022-04-14,Tango Tangles,1914,https://boxd.it/wJm,2.5
2022-04-14,A Grand Day Out,1989,https://boxd.it/2acu,3.5
2022-04-14,Pumpkinhead,1988,https://boxd.it/1tJq,2.5
2022-04-14,Alice in Wonderland,1951,https://boxd.it/1Sz6,3.5
2022-04-14,A Close Shave,1995,https://boxd.it/2aca,3.5
2022-04-14,Edge of Tomorrow,2014,https://boxd.it/4pD0,2.5
2022-04-14,Twenty Minutes of Love,1914,https://boxd.it/wIy,2.5
2022-04-14,The Founder,2016,https://boxd.it/9XwM,2.5
2022-04-14,The Nightmare Before Christmas,1993,https://boxd.it/1YzQ,3.5
2022-04-14,"The Other One: The Long, Strange Trip of Bob Weir",2014,https://boxd.it/7K6C,2.5
2022-04-14,Bill & Ted Face the Music,2020,https://boxd.it/i7BI,2.5
2022-04-14,Lord of the Flies,1963,https://boxd.it/1Xqy,2.5
2022-04-14,Birds of Prey (and the Fantabulous Emancipation of One Harley Quinn),2020,https://boxd.it/hSyO,2.5
2022-04-14,Kelly's Heroes,1970,https://boxd.it/1Tu2,2.5
2022-04-14,Back to the Future Part III,1990,https://boxd.it/2aTS,2.5
2022-04-14,The Suicide Squad,2021,https://boxd.it/fw6O,2.5
2022-04-14,The Mummy,1932,https://boxd.it/1LnW,2.5
2022-04-14,A History of Violence,2005,https://boxd.it/2bfa,3.5
2022-04-14,Ashes of Time,1994,https://boxd.it/111K,3.5
2022-04-14,The Bourne Identity,2002,https://boxd.it/26EO,2.5
2022-04-14,Pirates of the Caribbean: The Curse of the Black Pearl,2003,https://boxd.it/70G,2.5
2022-04-14,The Big Boss,1971,https://boxd.it/1RU8,3.5
2022-04-14,Big Hero 6,2014,https://boxd.it/5rje,3.5
2022-04-14,The Heroic Trio,1993,https://boxd.it/TYu,3.5
2022-04-14,Love Massacre,1981,https://boxd.it/5xXk,3.5
2022-04-14,Heroes Shed No Tears,1984,https://boxd.it/2byc,3.5
2022-04-14,Manhattan,1979,https://boxd.it/29Na,2.5
2022-04-14,Kes,1969,https://boxd.it/1Qi8,4.5
2022-04-14,The Elephant Man,1980,https://boxd.it/27LQ,4.5
2022-04-14,The Night of the Hunter,1955,https://boxd.it/25HW,4.5
2022-04-14,Yojimbo,1961,https://boxd.it/1SRY,4.5
2022-04-15,Caged Heat,1974,https://boxd.it/13fY,2.5
2022-04-15,Atari: Game Over,2014,https://boxd.it/8NHo,2.5
2022-04-15,Hotel Chevalier,2007,https://boxd.it/21Ic,3.5
2022-04-15,Okja,2017,https://boxd.it/dvXe,3.5
2022-04-15,The Sixth Sense,1999,https://boxd.it/29Js,3.5
2022-04-15,Castle in the Sky,1986,https://boxd.it/1W4G,3.5
2022-04-15,Belfast,2021,https://boxd.it/tefG,3.5
2022-04-15,Fahrenheit 11/9,2018,https://boxd.it/jofc,3.5
2022-04-15,Boy,2010,https://boxd.it/13RS,3.5
2022-04-15,Hunt for the Wilderpeople,2016,https://boxd.it/cTgG,3.5
2022-04-15,Jurassic Park,1993,https://boxd.it/2aA2,3.5
2022-04-15,"I, Daniel Blake",2016,https://boxd.it/d0xa,4.5
2022-04-15,A Fistful of Dollars,1964,https://boxd.it/2auo,4.5
2022-04-15,You Were Never Really Here,2017,https://boxd.it/dWOS,3.5
2022-04-15,In the Name of the Father,1993,https://boxd.it/20I6,3.5
2022-04-15,Hairspray,1988,https://boxd.it/1UKK,3.5
2022-04-15,Othello,1951,https://boxd.it/K5A,3.5
2022-04-15,Putney Swope,1969,https://boxd.it/1gV4,4.5
2022-04-15,All Is Lost,2013,https://boxd.it/4OgK,2.5
2022-04-15,Network,1976,https://boxd.it/1VqG,4.5
2022-04-15,The Man Who Wasn't There,2001,https://boxd.it/1Vqc,3.5
2022-04-15,Original Cast Album: Company,1970,https://boxd.it/3rPU,3.5
2022-04-15,In a Year with 13 Moons,1978,https://boxd.it/Xt6,3.5
2022-04-15,Borat: Cultural Learnings of America for Make Benefit Glorious Nation of Kazakhstan,2006,https://boxd.it/2agQ,3.5
2022-04-15,Spider-Man,2002,https://boxd.it/2a8i,3.5
2022-04-15,Youth of the Beast,1963,https://boxd.it/179q,3.5
2022-04-15,Bill & Ted's Bogus Journey,1991,https://boxd.it/28oy,3.5
2022-04-15,Sanjuro,1962,https://boxd.it/1TaQ,3.5
2022-04-15,Arthur Christmas,2011,https://boxd.it/Cg6,3.5
2022-04-15,The Hunger,1983,https://boxd.it/1Tk2,3.5
2022-04-15,Modern Times,1936,https://boxd.it/25MC,3.5
2022-04-15,10 Cloverfield Lane,2016,https://boxd.it/aZiu,3.5
2022-04-15,The Pirates! In an Adventure with Scientists!,2012,https://boxd.it/2p1w,3.5
2022-04-15,The Blob,1988,https://boxd.it/1YgY,3.5
2022-04-15,Darkman,1990,https://boxd.it/1YnK,3.5
2022-04-15,The Guns of Navarone,1961,https://boxd.it/1V62,3.5
2022-04-15,Batman Begins,2005,https://boxd.it/2aIg,3.5
2022-04-15,Patlabor: The Movie,1989,https://boxd.it/1NPe,3.5
2022-04-15,Philomena,2013,https://boxd.it/69OA,3.5
2022-04-15,Twelve Monkeys,1995,https://boxd.it/2beQ,3.5
2022-04-15,Zulu,1964,https://boxd.it/1O6Y,4
2022-04-15,El Mariachi,1992,https://boxd.it/1YRq,3.5
2022-04-15,A Better Tomorrow III: Love and Death in Saigon,1989,https://boxd.it/ZQm,3.5
2022-04-15,L'Atalante,1934,https://boxd.it/ThU,3.5
2022-04-15,Cobra,1986,https://boxd.it/1XDM,3.5
2022-04-15,All the President's Men,1976,https://boxd.it/29lU,4.5
2022-04-15,After Hours,1985,https://boxd.it/1VfS,4.5
2022-04-16,Secret Honor,1984,https://boxd.it/EAs,4.5
2022-04-17,GoodFellas,1990,https://boxd.it/29FA,4.5
2022-04-17,The Happiness of the Katakuris,2001,https://boxd.it/1KDY,4.5
2022-04-17,The Last Picture Show,1971,https://boxd.it/1weg,4.5
2022-04-17,The Face of Another,1966,https://boxd.it/1nso,4.5
2022-04-17,Welcome to the Dollhouse,1995,https://boxd.it/1TPO,4.5
2022-04-17,A Better Tomorrow,1986,https://boxd.it/1TLW,4.5
2022-04-17,The Life Aquatic with Steve Zissou,2004,https://boxd.it/2aqw,4.5
2022-04-17,Con Air,1997,https://boxd.it/28gO,4.5
2022-04-17,Melvin and Howard,1980,https://boxd.it/15ey,4.5
2022-04-19,Star Wars: Episode II - Attack of the Clones,2002,https://boxd.it/27V2,1
2022-04-19,The Big Sleep,1946,https://boxd.it/29iQ,4
2022-04-19,Monsieur Hulot's Holiday,1953,https://boxd.it/29E8,3.5
2022-04-19,WALL·E,2008,https://boxd.it/1VEo,4.5
2022-04-19,Up,2009,https://boxd.it/1OEc,4.5
2022-04-19,The Wind Rises,2013,https://boxd.it/4JQS,4.5
2022-04-19,Star Wars,1977,https://boxd.it/72s,4.5
2022-04-19,Over the Garden Wall,2014,https://boxd.it/eqFw,4.5
2022-04-19,Star Wars: Episode III - Revenge of the Sith,2005,https://boxd.it/27US,3
2022-04-20,His Girl Friday,1940,https://boxd.it/25M8,4.5
2022-04-20,Solo: A Star Wars Story,2018,https://boxd.it/bGWs,2.5
2022-04-20,It's a Wonderful Life,1946,https://boxd.it/28xA,4.5
2022-04-21,Greetings,1968,https://boxd.it/2vo2,2.5
2022-04-22,Shock Corridor,1963,https://boxd.it/1vGI,4.5
2022-04-22,My Neighbor Totoro,1988,https://boxd.it/20eA,4.5
2022-04-22,Assault on Precinct 13,1976,https://boxd.it/1I2c,4.5
2022-04-22,The Other Side of the Wind,2018,https://boxd.it/9w5Y,3.5
2022-04-22,Hereditary,2018,https://boxd.it/hNVe,3.5
2022-04-22,1917,2019,https://boxd.it/jj4y,3.5
2022-04-22,Two-Lane Blacktop,1971,https://boxd.it/1sfE,3.5
2022-04-24,The Batman,2022,https://boxd.it/eDGs,4
2022-04-25,What Time Is It There?,2001,https://boxd.it/1ybe,4.5
2022-04-25,Easy Rider,1969,https://boxd.it/29Ys,4
2022-04-29,"Planes, Trains and Automobiles",1987,https://boxd.it/26zE,4.5
2022-04-30,Kids Return,1996,https://boxd.it/1sfY,4.5
2022-05-01,High-Rise,2015,https://boxd.it/7tmo,4.5
2022-05-02,Alphaville,1965,https://boxd.it/20AG,3.5
2022-05-02,La Chinoise,1967,https://boxd.it/28rC,4.5
2022-05-02,Weekend,1967,https://boxd.it/20Ac,4.5
2022-05-03,Funny Games,1997,https://boxd.it/1WKM,4
2022-05-03,Love and Death,1975,https://boxd.it/1TeS,3.5
2022-05-03,Sunset Boulevard,1950,https://boxd.it/2a20,4.5
2022-05-04,True Lies,1994,https://boxd.it/19pq,3.5
2022-05-05,The Evil Dead,1981,https://boxd.it/29Go,4.5
2022-05-05,The Last Waltz,1978,https://boxd.it/1P1U,4
2022-05-05,Casino,1995,https://boxd.it/2ads,4.5
2022-05-06,Army of Darkness,1992,https://boxd.it/29G4,4
2022-05-06,Drunken Angel,1948,https://boxd.it/1uYQ,4
2022-05-09,Thunderball,1965,https://boxd.it/29SE,2
2022-05-10,One Wonderful Sunday,1947,https://boxd.it/Ohg,4.5
2022-05-10,Nights of Cabiria,1957,https://boxd.it/1F7e,3.5
2022-05-11,Dancer in the Dark,2000,https://boxd.it/71E,5
2022-05-12,Riff-Raff,1991,https://boxd.it/iXY,3.5
2022-05-13,High Hopes,1988,https://boxd.it/JGg,4.5
2022-05-13,All or Nothing,2002,https://boxd.it/1RWS,4
2022-05-13,Jungle Cruise,2021,https://boxd.it/g4YK,2.5
2022-05-13,I Live in Fear,1955,https://boxd.it/1BOo,3.5
2022-05-13,The Bakery Girl of Monceau,1963,https://boxd.it/2QsE,3
2022-05-13,8½,1963,https://boxd.it/2aqm,5
2022-05-14,Perfect Blue,1997,https://boxd.it/1W7A,4.5
2022-05-14,The Men Who Tread on the Tiger's Tail,1945,https://boxd.it/19vo,3.5
2022-05-14,Sanshiro Sugata,1943,https://boxd.it/1cWC,4
2022-05-14,Happy-Go-Lucky,2008,https://boxd.it/1W68,4.5
2022-05-15,Vera Drake,2004,https://boxd.it/1UCm,4
2022-05-15,After Yang,2021,https://boxd.it/lx5a,4
2022-05-16,Vivre Sa Vie,1962,https://boxd.it/28s6,3.5
2022-05-18,Some Kind of Heaven,2020,https://boxd.it/nH7Y,3
2022-05-20,Crisis,1946,https://boxd.it/1kGs,2.5
2022-05-20,M*A*S*H,1970,https://boxd.it/29U6,4
2022-05-22,Delicatessen,1991,https://boxd.it/29lK,5
2022-05-22,Asakusa Kid,2021,https://boxd.it/sRiW,4
2022-05-23,Pickpocket,1959,https://boxd.it/29O8,4
2022-05-23,La Strada,1954,https://boxd.it/2asi,4.5
2022-05-23,"I Was Born, But...",1932,https://boxd.it/1pS4,3.5
2022-05-23,The Shawshank Redemption,1994,https://boxd.it/2aHi,4
2022-05-23,Wheels on Meals,1984,https://boxd.it/1Unm,4
2022-05-25,Tank Girl,1995,https://boxd.it/1Zfs,2.5
2022-05-29,Elephant,1989,https://boxd.it/19aU,4.5
2022-05-29,Piccadilly,1929,https://boxd.it/Cce,4
2022-05-29,Quadrophenia,1979,https://boxd.it/1Wqs,4
2022-05-29,Gregory's Girl,1980,https://boxd.it/1BpI,4
2022-05-30,Career Girls,1997,https://boxd.it/G0w,4
2022-05-30,Topsy-Turvy,1999,https://boxd.it/Nbc,4.5
2022-05-31,Hot Shots!,1991,https://boxd.it/1YhC,2.5
2022-06-01,Tampopo,1985,https://boxd.it/1SZe,4
2022-06-02,"Distant Voices, Still Lives",1988,https://boxd.it/Yv8,4
2022-06-02,Terminator 2: Judgment Day,1991,https://boxd.it/2aGY,4.5
2022-06-05,Pistol,2022,https://boxd.it/Ay6o,2
2022-06-07,Broadway Danny Rose,1984,https://boxd.it/1Rie,3
2022-06-09,La Pointe-Courte,1955,https://boxd.it/ui4,3
2022-06-09,Only Angels Have Wings,1939,https://boxd.it/Ttw,4
2022-06-09,Children,1976,https://boxd.it/Jbi,3.5
2022-06-12,Jackass 2.5,2007,https://boxd.it/1OEw,3
2022-06-13,Autumn Sonata,1978,https://boxd.it/1Rio,4
2022-06-14,Cléo from 5 to 7,1962,https://boxd.it/2agm,5
2022-06-14,Le Bonheur,1965,https://boxd.it/xyk,3.5
2022-06-15,Peppermint Candy,1999,https://boxd.it/ZQc,4
2022-06-16,Double Team,1997,https://boxd.it/1YLs,3
2022-06-16,Jackass Forever,2022,https://boxd.it/opUg,3.5
2022-06-17,Annette,2021,https://boxd.it/f0RS,4.5
2022-06-19,Blue Collar,1978,https://boxd.it/1Nhm,4
2022-06-22,This Is Spinal Tap,1984,https://boxd.it/1UOs,4.5
2022-06-22,A Christmas Carol,2009,https://boxd.it/1HKW,3.5
2022-06-23,Modern Romance,1981,https://boxd.it/6Xi,4
2022-06-23,Alan Partridge: Alpha Papa,2013,https://boxd.it/5rFE,3.5
2022-06-24,Ride in the Whirlwind,1966,https://boxd.it/fJu,4.5
2022-06-24,Flowers of Shanghai,1998,https://boxd.it/Omq,4
2022-06-25,Green Fish,1997,https://boxd.it/3jCy,3.5
2022-06-26,Blade,1998,https://boxd.it/1a8A,3.5
2022-06-27,The Red Shoes,1948,https://boxd.it/1EXI,4
2022-06-28,Lost in Translation,2003,https://boxd.it/2b0E,5
2022-06-28,Love Exposure,2008,https://boxd.it/1pDe,4.5
2022-06-28,Jackass Number Two,2006,https://boxd.it/1SyM,4.5
2022-06-29,Carrie,1976,https://boxd.it/20ZQ,4
2022-06-29,Phantom of the Paradise,1974,https://boxd.it/1s34,4
2022-06-29,Stalker,1979,https://boxd.it/28PO,4.5
2022-06-29,Bernie,2011,https://boxd.it/3eWe,4
2022-06-29,Ed Wood,1994,https://boxd.it/2adM,4.5
2022-06-29,Fanny and Alexander,1982,https://boxd.it/22go,5
2022-06-29,Tootsie,1982,https://boxd.it/1YkG,3.5
2022-06-30,AVP: Alien vs. Predator,2004,https://boxd.it/2atU,1
2022-07-01,Abigail's Party,1977,https://boxd.it/1yx0,4
2022-07-01,Made in Britain,1982,https://boxd.it/1ie2,4.5
2022-07-02,Kids,1995,https://boxd.it/1YUY,3.5
2022-07-02,Storytelling,2001,https://boxd.it/1JYm,4.5
2022-07-02,Lemon,2017,https://boxd.it/fbvy,4.5
2022-07-03,Elvis,2022,https://boxd.it/mK4w,3.5
2022-07-03,Observe and Report,2009,https://boxd.it/1Joe,4.5
2022-07-03,Walk Hard: The Dewey Cox Story,2007,https://boxd.it/21wK,4.5
2022-07-04,Walker,1987,https://boxd.it/1pzc,4.5
2022-07-04,Repo Man,1984,https://boxd.it/1Plg,4.5
2022-07-05,Dersu Uzala,1975,https://boxd.it/1XRO,4.5
2022-07-05,Throne of Blood,1957,https://boxd.it/251w,4.5
2022-07-05,Sid & Nancy,1986,https://boxd.it/1N6e,4
2022-07-05,The Long Goodbye,1973,https://boxd.it/281O,4.5
2022-07-07,Thor: Love and Thunder,2022,https://boxd.it/mMAY,2
2022-07-10,L'Avventura,1960,https://boxd.it/23hs,4
2022-07-10,Who Framed Roger Rabbit,1988,https://boxd.it/29ry,4.5
2022-07-11,Women on the Verge of a Nervous Breakdown,1988,https://boxd.it/24GI,4.5
2022-07-11,Point Blank,1967,https://boxd.it/1uAE,3.5
2022-07-13,Surf's Up,2007,https://boxd.it/1YKY,3
2022-07-14,Winter Light,1963,https://boxd.it/1nrU,4
2022-07-14,Princess Mononoke,1997,https://boxd.it/2b4w,4
2022-07-15,Casablanca,1942,https://boxd.it/2aG0,4.5
2022-07-18,The Magician,1958,https://boxd.it/1nse,4
2022-07-19,Before Sunrise,1995,https://boxd.it/2bcU,4
2022-07-21,Neon Genesis Evangelion: The End of Evangelion,1997,https://boxd.it/1GRM,5
2022-07-22,Breathless,1960,https://boxd.it/2aIK,5
2022-07-24,The Simpsons Movie,2007,https://boxd.it/6YU,3.5
2022-07-24,Possession,1981,https://boxd.it/1BPm,4.5
2022-07-24,A Cock and Bull Story,2005,https://boxd.it/20a4,3.5
2022-07-25,The Souvenir,2019,https://boxd.it/gXU4,2
2022-07-25,Before Sunset,2004,https://boxd.it/2bcg,4
2022-07-26,Wings,1966,https://boxd.it/EDw,4
2022-07-27,Scum,1977,https://boxd.it/3aWk,4
2022-07-27,"Crouching Tiger, Hidden Dragon",2000,https://boxd.it/2b1M,4.5
2022-07-28,Man on the Moon,1999,https://boxd.it/281k,4.5
2022-07-29,The Piano,1993,https://boxd.it/29Kq,4.5
2022-07-30,Road,1987,https://boxd.it/5fX2,4
2022-07-31,The Match Factory Girl,1990,https://boxd.it/20Je,4
2022-07-31,Days of Being Wild,1990,https://boxd.it/1HbC,4.5
2022-08-01,The 36th Chamber of Shaolin,1978,https://boxd.it/1SXC,4.5
2022-08-01,The Boxer's Omen,1983,https://boxd.it/Gx6,3.5
2022-08-01,The Five Venoms,1978,https://boxd.it/1Q5o,2.5
2022-08-03,The 8 Diagram Pole Fighter,1984,https://boxd.it/1h2a,4
2022-08-04,Shadows,1958,https://boxd.it/1M9c,3.5
2022-08-04,Five Fingers of Death,1972,https://boxd.it/1Bfy,3.5
2022-08-05,Crimes of the Future,2022,https://boxd.it/uTuY,3.5
2022-08-07,Five Element Ninjas,1982,https://boxd.it/ZvS,4
2022-08-08,Daisies,1966,https://boxd.it/LZk,4
2022-08-08,The Battle of Algiers,1966,https://boxd.it/1IRY,4.5
2022-08-08,Why Don't You Play in Hell?,2013,https://boxd.it/4lnC,4.5
2022-08-08,The Trial of Joan of Arc,1962,https://boxd.it/HGe,3.5
2022-08-08,Midnight Cowboy,1969,https://boxd.it/25Hi,4.5
2022-08-08,Dreams,1990,https://boxd.it/1ROu,4.5
2022-08-09,Alice in the Cities,1974,https://boxd.it/27cG,4.5
2022-08-09,Bee Movie,2007,https://boxd.it/22Vw,3
2022-08-10,The Comedy,2012,https://boxd.it/2XNO,4
2022-08-12,Entertainment,2015,https://boxd.it/7dZE,4
2022-08-15,The Ascent,1977,https://boxd.it/Eew,4.5
2022-08-16,Midnight Run,1988,https://boxd.it/1ZnQ,3.5
2022-08-17,Au Hasard Balthazar,1966,https://boxd.it/1E3g,4
2022-08-17,Nope,2022,https://boxd.it/sDCe,2.5
2022-08-17,La La Land,2016,https://boxd.it/a5fa,3
2022-08-17,Palindromes,2004,https://boxd.it/1QUc,3
2022-08-19,Broadcast News,1987,https://boxd.it/1RxS,4.5
2022-08-19,Say Anything...,1989,https://boxd.it/27B2,3.5
2022-08-21,Dark Horse,2011,https://boxd.it/2VCY,3
2022-08-21,Step Brothers,2008,https://boxd.it/1SsE,4
2022-08-21,Vice,2018,https://boxd.it/fcFY,4
2022-08-22,Beware of a Holy Whore,1971,https://boxd.it/1hgQ,4
2022-08-22,David Lynch: The Art Life,2016,https://boxd.it/eASq,4
2022-08-23,Come and See,1985,https://boxd.it/1w9q,4
2022-08-24,Bad Timing,1980,https://boxd.it/1fUE,4.5
2022-08-24,Toy Story,1995,https://boxd.it/29qA,4.5
2022-08-24,Apocalypse Now,1979,https://boxd.it/6ZS,4.5
2022-08-25,Hearts of Darkness: A Filmmaker's Apocalypse,1991,https://boxd.it/24ai,4
2022-08-25,An Autumn Afternoon,1962,https://boxd.it/CUU,4
2022-08-25,Toy Story 2,1999,https://boxd.it/29qq,4.5
2022-08-25,"Who Are You, Polly Maggoo?",1966,https://boxd.it/qCa,3
2022-08-25,Only God Forgives,2013,https://boxd.it/2HBs,4.5
2022-08-26,Zelig,1983,https://boxd.it/1UOC,2.5
2022-08-26,Dont Look Back,1967,https://boxd.it/2b3y,4
2022-08-27,Sword of the Beast,1965,https://boxd.it/LZE,3
2022-08-27,Funny Pages,2022,https://boxd.it/lrlm,3
2022-08-27,American Splendor,2003,https://boxd.it/26kE,4.5
2022-08-28,Memoria,2021,https://boxd.it/iwtE,4.5
2022-08-28,Nowhere,1997,https://boxd.it/286E,4.5
2022-08-28,The Master,2012,https://boxd.it/2cBG,4.5
2022-08-28,Masculin Féminin,1966,https://boxd.it/23UY,4.5
2022-08-28,The Player,1992,https://boxd.it/1WlM,4.5
2022-08-28,Memories of Murder,2003,https://boxd.it/1TSo,4.5
2022-08-28,Death by Hanging,1968,https://boxd.it/3nPm,4.5
2022-08-28,Short Cuts,1993,https://boxd.it/29Nk,4.5
2022-08-28,Dragon Inn,1967,https://boxd.it/3xGa,4.5
2022-08-28,Happy Together,1997,https://boxd.it/1Ha0,4.5
2022-08-28,There's Something About Mary,1998,https://boxd.it/2aae,4
2022-08-28,Don't Look Now,1973,https://boxd.it/29fC,5
2022-08-28,Walkabout,1971,https://boxd.it/1bsG,4
2022-08-29,Gimme Shelter,1970,https://boxd.it/2b42,4.5
2022-08-30,Gladiator,2000,https://boxd.it/2b9m,2
2022-08-30,The Invisible Man,2020,https://boxd.it/kWlA,2.5
2022-08-30,Art School Confidential,2006,https://boxd.it/1XOq,2
2022-09-01,The Royal Tenenbaums,2001,https://boxd.it/1YHU,5
2022-09-02,Look Back in Anger,1959,https://boxd.it/EDQ,3.5
2022-09-02,The Ladykillers,1955,https://boxd.it/230w,3.5
2022-09-02,Shampoo,1975,https://boxd.it/1jNW,3.5
2022-09-03,Osaka Elegy,1936,https://boxd.it/Tmg,3
2022-09-03,Beetlejuice,1988,https://boxd.it/24QI,3.5
2022-09-03,The Insect Woman,1963,https://boxd.it/VAE,3.5
2022-09-04,Mallrats,1995,https://boxd.it/26ZW,1.5
2022-09-05,The Dirties,2013,https://boxd.it/4ZGa,4
2022-09-05,Operation Avalanche,2016,https://boxd.it/d5ei,3.5
2022-09-05,Scott Pilgrim vs. the World,2010,https://boxd.it/1Aq6,1.5
2022-09-06,Viridiana,1961,https://boxd.it/24eE,3.5
2022-09-08,Crash,1996,https://boxd.it/29n2,4.5
2022-09-09,Billy Liar,1963,https://boxd.it/1tGQ,4
2022-09-10,Sweet Smell of Success,1957,https://boxd.it/29aW,4
2022-09-10,Clerks,1994,https://boxd.it/2706,4
2022-09-10,Django Unchained,2012,https://boxd.it/2cCk,2.5
2022-09-10,Get Out,2017,https://boxd.it/eOCm,4.5
2022-09-10,"Rita, Sue and Bob Too",1987,https://boxd.it/1Hxe,4
2022-09-11,Ratatouille,2007,https://boxd.it/27ww,4.5
2022-09-11,Trainspotting,1996,https://boxd.it/29XY,4.5
2022-09-12,Parasite,2019,https://boxd.it/hTha,4.5
2022-09-12,Rafiki,2018,https://boxd.it/iMFc,3
2022-09-12,The Searchers,1956,https://boxd.it/25HC,4.5
2022-09-13,Stagecoach,1939,https://boxd.it/297S,4
2022-09-13,Contempt,1963,https://boxd.it/2aJe,4
2022-09-14,Blow Out,1981,https://boxd.it/1TlE,4.5
2022-09-14,Everything Everywhere All at Once,2022,https://boxd.it/jUk4,3.5
2022-09-14,The Watermelon Woman,1996,https://boxd.it/RRc,4
2022-09-15,Local Hero,1983,https://boxd.it/1Uiw,4
2022-09-16,Stewart Lee: Carpet Remnant World,2012,https://boxd.it/4zAg,5
2022-09-16,Stewart Lee: 41st Best Stand-Up Ever!,2008,https://boxd.it/1uty,4.5
2022-09-16,"Stewart Lee: If You Prefer a Milder Comedian, Please Ask for One",2010,https://boxd.it/KZ4,4.5
2022-09-16,Stewart Lee: Stand-Up Comedian,2005,https://boxd.it/1uum,4
2022-09-16,Stewart Lee: 90s Comedian,2006,https://boxd.it/1utS,4
2022-09-16,Stewart Lee: Content Provider,2018,https://boxd.it/jhv8,4.5
2022-09-17,Down by Law,1986,https://boxd.it/28CA,4.5
2022-09-17,Made in U.S.A,1966,https://boxd.it/1nDw,3.5
2022-09-17,School of Rock,2003,https://boxd.it/28xK,4
2022-09-18,Strangers on a Train,1951,https://boxd.it/29tk,3.5
2022-09-18,Snow Trail,1947,https://boxd.it/4a9k,3
2022-09-18,Return of the Jedi,1983,https://boxd.it/27Vm,4
2022-09-19,Pumping Iron,1977,https://boxd.it/23dA,3.5
2022-09-19,"Dance, Girl, Dance",1940,https://boxd.it/1hvG,3
2022-09-20,The House That Jack Built,2018,https://boxd.it/dWO4,3.5
2022-09-21,Branded to Kill,1967,https://boxd.it/1HSQ,4
2022-09-21,Johnny Mnemonic,1995,https://boxd.it/1XBQ,3
2022-09-21,Dirty Work,1998,https://boxd.it/1NOg,3
2022-09-22,Getting Any?,1994,https://boxd.it/13h6,3
2022-09-22,High and Low,1963,https://boxd.it/1RSc,4.5
2022-09-22,The Bank Dick,1940,https://boxd.it/29iG,2
2022-09-22,Sorry We Missed You,2019,https://boxd.it/iXBg,4
2022-09-23,Feels Good Man,2020,https://boxd.it/oigS,4
2022-09-24,White Dog,1982,https://boxd.it/Jtc,4
2022-09-24,Groundhog Day,1993,https://boxd.it/2b3e,4.5
2022-09-24,The Naked Kiss,1964,https://boxd.it/1uBW,4
2022-09-26,Let's Go to Prison,2006,https://boxd.it/1XL2,1.5
2022-09-26,The Northman,2022,https://boxd.it/nK2s,2
2022-09-26,The Idiots,1998,https://boxd.it/2amu,4
2022-09-27,Antichrist,2009,https://boxd.it/1Inu,3.5
2022-09-28,The Crimson Kimono,1959,https://boxd.it/1sEa,3.5
2022-09-28,About Elly,2009,https://boxd.it/18Ry,3.5
2022-09-29,Blonde,2022,https://boxd.it/9AG0,3
2022-09-29,My Neighbors the Yamadas,1999,https://boxd.it/1KC2,5
2022-09-29,Arrival,2016,https://boxd.it/aNGk,4
2022-09-29,Kikujiro,1999,https://boxd.it/24xc,4
2022-09-30,There Was a Father,1942,https://boxd.it/1rWW,4
2022-09-30,Godzilla,1954,https://boxd.it/28kc,4.5
2022-10-01,Onibaba,1964,https://boxd.it/252a,3.5
2022-10-01,Matinee,1993,https://boxd.it/1vV4,4
2022-10-01,The Howling,1981,https://boxd.it/1Uce,3
2022-10-02,X,2022,https://boxd.it/sxVa,1.5
2022-10-02,Brother,2000,https://boxd.it/2aAm,3
2022-10-02,The Celebration,1998,https://boxd.it/2aCM,4.5
2022-10-02,Scanners,1981,https://boxd.it/1YqE,4.5
2022-10-02,A Scene at the Sea,1991,https://boxd.it/1z10,4
2022-10-02,Italian for Beginners,2000,https://boxd.it/2b76,4
2022-10-02,The Slumber Party Massacre,1982,https://boxd.it/1rIq,3.5
2022-10-03,"Goodbye, Dragon Inn",2003,https://boxd.it/oFG,5
2022-10-03,L'Argent,1983,https://boxd.it/XIg,3.5
2022-10-03,The Funeral,1984,https://boxd.it/XL0,4
2022-10-04,The Innocents,1961,https://boxd.it/1KeY,3.5
2022-10-05,Gremlins,1984,https://boxd.it/29gg,4.5
2022-10-05,Mulholland Drive,2001,https://boxd.it/297o,4.5
2022-10-05,Uncle Boonmee Who Can Recall His Past Lives,2010,https://boxd.it/168Q,4.5
2022-10-05,Mishima: A Life in Four Chapters,1985,https://boxd.it/1sBA,4.5
2022-10-05,Head,1968,https://boxd.it/1HoQ,4.5
2022-10-05,A Hard Day's Night,1964,https://boxd.it/29LS,4.5
2022-10-05,"Aguirre, the Wrath of God",1972,https://boxd.it/27Fe,4.5
2022-10-05,Annie Hall,1977,https://boxd.it/29M2,4
2022-10-05,Bram Stoker's Dracula,1992,https://boxd.it/223a,3.5
2022-10-06,The Life of Oharu,1952,https://boxd.it/UFy,4
2022-10-06,American Psycho,2000,https://boxd.it/28Vs,4
2022-10-07,Mad Max 2,1981,https://boxd.it/1ZPg,4.5
2022-10-07,Audition,1999,https://boxd.it/1UHm,4.5
2022-10-08,I ♥ Huckabees,2004,https://boxd.it/28vk,3.5
2022-10-08,Fireworks,1997,https://boxd.it/22mQ,5
2022-10-08,Zatoichi,2003,https://boxd.it/2aMs,3.5
2022-10-09,Eastern Promises,2007,https://boxd.it/275q,3.5
2022-10-09,Desperate Living,1977,https://boxd.it/1Or8,3.5
2022-10-09,The Beyond,1981,https://boxd.it/1FtY,3.5
2022-10-09,Brain Damage,1988,https://boxd.it/1qUU,3
2022-10-09,Female Prisoner #701: Scorpion,1972,https://boxd.it/2rKo,4.5
2022-10-09,Kill Bill: Vol. 1,2003,https://boxd.it/70w,4
2022-10-10,Faust,1926,https://boxd.it/1Vxi,4
2022-10-10,Evangelion: 1.0 You Are (Not) Alone,2007,https://boxd.it/1MKi,3
2022-10-11,The Living Dead,1995,https://boxd.it/Bhs,3.5
2022-10-11,Evangelion: 2.0 You Can (Not) Advance,2009,https://boxd.it/1zYm,3.5
2022-10-12,Outrage,2010,https://boxd.it/PUo,3
2022-10-13,Dolls,2002,https://boxd.it/29pi,4
2022-10-13,Sukiyaki Western Django,2007,https://boxd.it/1PKg,2
2022-10-14,Evangelion: 3.0 You Can (Not) Redo,2012,https://boxd.it/2BwG,3
2022-10-14,To Each His Own Cinema,2007,https://boxd.it/1bju,3.5
2022-10-15,American Movie,1999,https://boxd.it/1Oty,4.5
2022-10-15,Evangelion: 3.0+1.0 Thrice Upon a Time,2021,https://boxd.it/8LnQ,3
2022-10-16,Songs from the Second Floor,2000,https://boxd.it/1eoM,4
2022-10-16,Gran Torino,2008,https://boxd.it/1Qzy,3.5
2022-10-17,Elevator to the Gallows,1958,https://boxd.it/294u,4
2022-10-17,My Dinner with Andre,1981,https://boxd.it/1vLe,5
2022-10-18,Million Dollar Baby,2004,https://boxd.it/2bdI,4
2022-10-18,Eternal Sunshine of the Spotless Mind,2004,https://boxd.it/6YK,5
2022-10-18,Clerks II,2006,https://boxd.it/26ZC,3.5
2022-10-20,In Bruges,2008,https://boxd.it/20n8,4.5
2022-10-21,The Lord of the Rings: The Fellowship of the Ring,2001,https://boxd.it/2b5O,4
2022-10-22,The Pixar Story,2007,https://boxd.it/1Mtm,3.5
2022-10-22,Stop Making Sense,1984,https://boxd.it/1ygo,4.5
2022-10-22,Meet the Feebles,1989,https://boxd.it/20tK,3.5
2022-10-22,Ape,2012,https://boxd.it/4lNK,4
2022-10-23,Mystic River,2003,https://boxd.it/2aAG,2
2022-10-23,The King of Comedy,1982,https://boxd.it/2aJS,4
2022-10-23,The Texas Chain Saw Massacre,1974,https://boxd.it/1lcS,4.5
2022-10-24,FLCL,2000,https://boxd.it/bWtG,4
2022-10-24,Paranoia Agent,2004,https://boxd.it/lPy0,5
2022-10-25,The Mule,2018,https://boxd.it/idcY,3.5
2022-10-25,Dwelling in the Fuchun Mountains,2019,https://boxd.it/m00y,4
2022-10-26,Cyrus,2010,https://boxd.it/14zA,4
2022-10-26,House of 1000 Corpses,2003,https://boxd.it/26uE,3
2022-10-26,Memento,2000,https://boxd.it/2bcK,3.5
2022-10-27,Unforgiven,1992,https://boxd.it/6Z4,4.5
2022-10-27,Team America: World Police,2004,https://boxd.it/24QS,2.5
2022-10-27,Sully,2016,https://boxd.it/cD8Q,3.5
2022-10-28,The Shining,1980,https://boxd.it/29Nu,5
2022-10-29,A Clockwork Orange,1971,https://boxd.it/2aVE,5
2022-10-29,The Day a Pig Fell Into the Well,1996,https://boxd.it/33ze,3
2022-10-29,Sympathy for Mr. Vengeance,2002,https://boxd.it/23WU,4
2022-10-30,Requiem for a Dream,2000,https://boxd.it/29VI,2.5
2022-10-30,Matewan,1987,https://boxd.it/1xXQ,4
2022-10-31,Hour of the Wolf,1968,https://boxd.it/1H9G,3.5
2022-10-31,Thelma,2017,https://boxd.it/e7Ce,3.5
2022-10-31,Real Life,1979,https://boxd.it/1fR6,4.5
2022-11-01,About Schmidt,2002,https://boxd.it/26mU,4
2022-11-02,Through a Glass Darkly,1961,https://boxd.it/1TrW,4
2022-11-02,The Power of Kangwon Province,1998,https://boxd.it/33zo,3
2022-11-02,Submarine,2010,https://boxd.it/H4a,5
2022-11-02,Black Mirror: The National Anthem,2011,https://boxd.it/hQYK,3
2022-11-03,Black Mirror: Fifteen Million Merits,2011,https://boxd.it/hQYU,3
2022-11-03,The Killer,1989,https://boxd.it/1Vha,4.5
2022-11-03,24 Hour Party People,2002,https://boxd.it/26nI,5
2022-11-03,Monty Python and the Holy Grail,1975,https://boxd.it/29GI,3.5
2022-11-03,The Hole,1998,https://boxd.it/LDo,5
2022-11-03,The Bridges of Madison County,1995,https://boxd.it/29Os,4
2022-11-05,Straw Dogs,1971,https://boxd.it/2982,3.5
2022-11-06,Air Doll,2009,https://boxd.it/1wuS,3.5
2022-11-06,Dirty Harry,1971,https://boxd.it/299E,4
2022-11-07,In the Loop,2009,https://boxd.it/1EsA,4.5
2022-11-07,Utu,1983,https://boxd.it/XGu,3.5
2022-11-07,Fear and Loathing in Las Vegas,1998,https://boxd.it/27Xs,5
2022-11-07,Bad Lieutenant,1992,https://boxd.it/1Src,4
2022-11-08,Pan's Labyrinth,2006,https://boxd.it/28No,5
2022-11-09,Paths of Glory,1957,https://boxd.it/29b6,4.5
2022-11-09,Bowling for Columbine,2002,https://boxd.it/28Ls,4.5
2022-11-10,The French Connection,1971,https://boxd.it/296g,4
2022-11-12,The Bad Lieutenant: Port of Call - New Orleans,2009,https://boxd.it/1TcW,4
2022-11-12,Stan & Ollie,2018,https://boxd.it/dOda,3.5
2022-11-13,The Sword of Doom,1966,https://boxd.it/1EoS,3.5
2022-11-13,Stewart Lee: Snowflake,2022,https://boxd.it/CzoM,4
2022-11-13,Stewart Lee: Tornado,2022,https://boxd.it/CHD6,4
2022-11-14,The Killers,1946,https://boxd.it/1NGc,3.5
2022-11-15,Crimes and Misdemeanors,1989,https://boxd.it/1Ty4,3.5
2022-11-16,Battles Without Honor and Humanity,1973,https://boxd.it/1e0q,3
2022-11-17,Little Shop of Horrors,1986,https://boxd.it/1Vqm,4
2022-11-17,Weird: The Al Yankovic Story,2022,https://boxd.it/yYZA,3
2022-11-19,Culloden,1964,https://boxd.it/e1G,3.5
2022-11-19,Best in Show,2000,https://boxd.it/1Pqq,3.5
2022-11-20,A Mighty Wind,2003,https://boxd.it/1Qke,3.5
2022-11-21,The Mummy,2017,https://boxd.it/8HnW,1
2022-11-21,Thieves Like Us,1974,https://boxd.it/1iBK,3.5
