Date,Name,Year,Letterboxd URI
2020-04-19,Inception,2010,https://boxd.it/1skk
2022-09-25,MaXXXine,,https://boxd.it/CIM4
2022-09-25,ABCs of Death 2,2014,https://boxd.it/5QbE
2022-09-25,Moon Knight,2022,https://boxd.it/zeDq
2022-09-25,Ms. Marvel,2022,https://boxd.it/ANCY
2022-09-25,The Marvels,2023,https://boxd.it/mwU4
2022-09-25,Ant-Man and the Wasp: Quantumania,2023,https://boxd.it/nL2y
2022-09-25,Blade,2024,https://boxd.it/mOS6
2022-09-25,Fantastic Four,2025,https://boxd.it/mP6C
2022-09-25,Thunderbolts,2024,https://boxd.it/BfbQ
2022-09-25,Avengers: The Kang Dynasty,2025,https://boxd.it/BVqy
2022-09-25,Avengers: Secret Wars,2026,https://boxd.it/BVqI
2022-09-25,The Nightingale,2018,https://boxd.it/e1Ga
2022-09-25,Funny Games,1997,https://boxd.it/1WKM
2022-09-25,Peninsula,2020,https://boxd.it/lnrU
2022-09-25,Death Proof,2007,https://boxd.it/27GG
2022-09-25,The Hateful Eight,2015,https://boxd.it/8gw8
2022-09-25,Reservoir Dogs,1992,https://boxd.it/2agc
2022-09-25,Django Unchained,2012,https://boxd.it/2cCk
2022-09-25,Scream VI,2023,https://boxd.it/zdfW
2022-09-25,Annabelle Comes Home,2019,https://boxd.it/iU5m
2022-09-25,Only God Forgives,2013,https://boxd.it/2HBs
2022-09-25,Too Old to Die Young,2019,https://boxd.it/mwtW
2022-09-25,John Wick: Chapter 3 - Parabellum,2019,https://boxd.it/gmFw
2022-09-25,John Wick: Chapter 4,2023,https://boxd.it/mh48
2022-09-25,Hot Fuzz,2007,https://boxd.it/2416
2022-09-25,28 Weeks Later,2007,https://boxd.it/28Bi
2022-09-25,Nowhere,1997,https://boxd.it/286E
2022-09-25,Kaboom,2010,https://boxd.it/Mco
2022-09-25,What If,2013,https://boxd.it/6ljk
2022-09-25,Midnight Mass,2021,https://boxd.it/wvVA
2022-09-25,The Haunting of Bly Manor,2020,https://boxd.it/rUdS
2022-09-25,Absentia,2011,https://boxd.it/2yWw
2022-09-25,Old,2021,https://boxd.it/npKI
2022-09-25,Signs,2002,https://boxd.it/26t2
2022-09-25,The Village,2004,https://boxd.it/21iS
2022-09-25,The Happening,2008,https://boxd.it/200o
2022-09-25,Lady in the Water,2006,https://boxd.it/1Y1E
2022-09-25,Knock at the Cabin,2023,https://boxd.it/npL2
2022-09-25,Be Kind Rewind,2008,https://boxd.it/23Au
2022-09-25,Jumanji: The Next Level,2019,https://boxd.it/ixu4
2022-09-25,Only Lovers Left Alive,2013,https://boxd.it/4O1U
2022-09-25,mid90s,2018,https://boxd.it/fxIa
2022-09-25,Martyrs,2015,https://boxd.it/cjQ4
2022-09-25,Inside Out,2015,https://boxd.it/4KHC
2022-09-25,Final Destination,2000,https://boxd.it/1YrC
2022-09-25,Final Destination 3,2006,https://boxd.it/1Z40
2022-09-25,The Final Destination,2009,https://boxd.it/1EmW
2022-09-25,Final Destination 5,2011,https://boxd.it/r1k
2022-09-25,Final Destination 6,,https://boxd.it/l5y4
2022-09-25,"Legally Blonde 2: Red, White & Blonde",2003,https://boxd.it/1Wxe
2022-09-25,Legally Blonde 3,,https://boxd.it/jcHI
2022-09-25,Perfect Blue,1997,https://boxd.it/1W7A
2022-09-25,Paprika,2006,https://boxd.it/23wW
2022-09-25,Tokyo Godfathers,2003,https://boxd.it/1Qg2
2022-09-25,Clueless,1995,https://boxd.it/1Ygk
2022-09-25,Candyman,1992,https://boxd.it/1Ys6
2022-09-25,Candyman,2021,https://boxd.it/kHFg
2022-09-25,Demonlover,2002,https://boxd.it/1xz0
2022-09-25,Irma Vep,2022,https://boxd.it/BbgC
2022-09-25,Irma Vep,1996,https://boxd.it/1vYs
2022-09-25,Young Adult,2011,https://boxd.it/nn2
2022-09-25,We Need to Talk About Kevin,2011,https://boxd.it/2pTS
2022-09-25,30 Days of Night,2007,https://boxd.it/24dw
2022-09-25,We Bare Bears: The Movie,2020,https://boxd.it/pg7m
2022-09-25,Dune,2021,https://boxd.it/fA7G
2022-09-25,Blade Runner 2049,2017,https://boxd.it/b8wK
2022-09-25,Prisoners,2013,https://boxd.it/4E5i
2022-09-25,Sicario,2015,https://boxd.it/8i7u
2022-09-25,Enemy,2013,https://boxd.it/5xtO
2022-09-25,Incendies,2010,https://boxd.it/Msm
2022-09-25,Donnie Darko,2001,https://boxd.it/2b2A
2022-09-25,"Synecdoche, New York",2008,https://boxd.it/23zw
2022-09-25,Anomalisa,2015,https://boxd.it/97TE
2022-09-25,The Descent,2005,https://boxd.it/1YNy
2022-09-25,The Purge,2013,https://boxd.it/4Xg0
2022-09-25,Sharp Stick,2022,https://boxd.it/ubjM
2022-09-25,Maniac,2018,https://boxd.it/jX9y
2022-09-25,Trainspotting,1996,https://boxd.it/29XY
2022-09-25,Slumdog Millionaire,2008,https://boxd.it/1S3E
2022-09-25,T2 Trainspotting,2017,https://boxd.it/5vTA
2022-09-25,Sunshine,2007,https://boxd.it/28Xy
2022-09-25,Trance,2013,https://boxd.it/2cAS
2022-09-25,Panic Room,2002,https://boxd.it/2490
2022-09-25,The Social Network,2010,https://boxd.it/17ue
2022-09-25,Zodiac,2007,https://boxd.it/27MO
2022-09-25,The Curious Case of Benjamin Button,2008,https://boxd.it/23Fk
2022-09-25,The Girl with the Dragon Tattoo,2009,https://boxd.it/1Mb8
2022-09-25,The Girl Who Played with Fire,2009,https://boxd.it/1y0K
2022-09-25,The Girl Who Kicked the Hornet's Nest,2009,https://boxd.it/1f9S
2022-09-25,Sharp Objects,2018,https://boxd.it/j3NM
2022-09-25,Dallas Buyers Club,2013,https://boxd.it/4O8G
2022-09-25,Wild,2014,https://boxd.it/6KQo
2022-09-25,Anna,2019,https://boxd.it/hqQq
2022-09-25,La Femme Nikita,1990,https://boxd.it/1YYm
2022-09-25,The Kids Are All Right,2010,https://boxd.it/13f0
2022-09-25,Rear Window,1954,https://boxd.it/2a6Q
2022-09-25,Vertigo,1958,https://boxd.it/2apI
2022-09-25,Spencer,2021,https://boxd.it/qPMG
2022-09-25,Batman,1989,https://boxd.it/2aIU
2022-09-25,The Batman - Part II,2025,https://boxd.it/umDy
2022-09-25,The Lion King 1½,2004,https://boxd.it/1TRg
2022-09-25,Love Actually,2003,https://boxd.it/2aeU
2022-09-25,I Saw the TV Glow,,https://boxd.it/woVe
2022-09-25,Ringu,1998,https://boxd.it/26tw
2022-09-25,Ju-on: The Curse,2000,https://boxd.it/1hpy
2022-09-25,The Witch,2015,https://boxd.it/9X0m
2022-09-25,Ghost in the Shell,1995,https://boxd.it/1YYc
2022-09-25,A Tale of Two Sisters,2003,https://boxd.it/248m
2022-09-26,Flower,2017,https://boxd.it/eTZA
2022-09-26,The Wolf of Wall Street,2013,https://boxd.it/3C1m
2022-09-26,Shutter Island,2010,https://boxd.it/1U82
2022-09-26,The Irishman,2019,https://boxd.it/dYOq
2022-09-26,The Departed,2006,https://boxd.it/28MA
2022-09-26,Happy Death Day 2U,2019,https://boxd.it/ixt6
2022-09-26,D.E.B.S.,2004,https://boxd.it/2aaS
2022-09-26,All About Eve,1950,https://boxd.it/29LI
2022-09-26,Diabolique,1955,https://boxd.it/29we
2022-09-26,What Ever Happened to Baby Jane?,1962,https://boxd.it/1WJE
2022-09-26,FEUD,2017,https://boxd.it/qIsE
2022-09-26,Repulsion,1965,https://boxd.it/1TKu
2022-09-26,Rosemary's Baby,1968,https://boxd.it/29zM
2022-09-26,Persona,1966,https://boxd.it/29B4
2022-09-26,A Clockwork Orange,1971,https://boxd.it/2aVE
2022-09-26,The Shining,1980,https://boxd.it/29Nu
2022-09-26,2001: A Space Odyssey,1968,https://boxd.it/2bf0
2022-09-26,Eyes Wide Shut,1999,https://boxd.it/2axs
2022-09-26,Lolita,1962,https://boxd.it/29Ag
2022-09-26,The Exorcist,1973,https://boxd.it/1Yoo
2022-09-26,Phantom of the Paradise,1974,https://boxd.it/1s34
2022-09-26,Eraserhead,1977,https://boxd.it/299u
2022-09-26,Blue Velvet,1986,https://boxd.it/29BI
2022-09-26,Twin Peaks: Fire Walk with Me,1992,https://boxd.it/27Qw
2022-09-26,Twin Peaks: The Return,2017,https://boxd.it/hN9O
2022-09-26,Twin Peaks,1990,https://boxd.it/g8pk
2022-09-26,Inland Empire,2006,https://boxd.it/28d6
2022-09-26,Kramer vs. Kramer,1979,https://boxd.it/h0w
2022-09-26,Ms .45,1981,https://boxd.it/1AWG
2022-09-26,Possession,1981,https://boxd.it/1BPm
2022-09-26,The Hunger,1983,https://boxd.it/1Tk2
2022-09-26,The Idiots,1998,https://boxd.it/2amu
2022-09-26,Europa,1991,https://boxd.it/1ZfM
2022-09-26,Manderlay,2005,https://boxd.it/27Mu
2022-09-26,The Element of Crime,1984,https://boxd.it/1Zg6
2022-09-26,Epidemic,1987,https://boxd.it/1ntm
2022-09-26,The Kingdom II,1997,https://boxd.it/1AZq
2022-09-26,The Kingdom: Exodus,2022,https://boxd.it/Bz7k
2022-09-26,The Fly,1986,https://boxd.it/1YIe
2022-09-26,Videodrome,1983,https://boxd.it/29uC
2022-09-26,Crimes of the Future,2022,https://boxd.it/uTuY
2022-09-26,A History of Violence,2005,https://boxd.it/2bfa
2022-09-26,Scanners,1981,https://boxd.it/1YqE
2022-09-26,eXistenZ,1999,https://boxd.it/27Ni
2022-09-26,Maps to the Stars,2014,https://boxd.it/4WCu
2022-09-26,Akira,1988,https://boxd.it/2b1i
2022-09-26,Wild at Heart,1990,https://boxd.it/2aii
2022-09-26,Dick Tracy,1990,https://boxd.it/201w
2022-09-26,The Silence of the Lambs,1991,https://boxd.it/2aHW
2022-09-26,Thelma,2017,https://boxd.it/e7Ce
2022-09-26,The Worst Person in the World,2021,https://boxd.it/oyws
2022-09-26,Thelma & Louise,1991,https://boxd.it/28Ew
2022-09-26,The Martian,2015,https://boxd.it/8SeG
2022-09-26,Dazed and Confused,1993,https://boxd.it/1Ylk
2022-09-26,Natural Born Killers,1994,https://boxd.it/2aNg
2022-09-26,Romeo + Juliet,1996,https://boxd.it/2ama
2022-09-26,Mars Attacks!,1996,https://boxd.it/2bd4
2022-09-26,B.A.P.S.,1997,https://boxd.it/1H00
2022-09-26,Princess Mononoke,1997,https://boxd.it/2b4w
2022-09-26,Boogie Nights,1997,https://boxd.it/23um
2022-09-26,Phantom Thread,2017,https://boxd.it/e4uc
2022-09-26,Punch-Drunk Love,2002,https://boxd.it/20E4
2022-09-26,Inherent Vice,2014,https://boxd.it/5hla
2022-09-26,The Big Lebowski,1998,https://boxd.it/2b6C
2022-09-26,"Hail, Caesar!",2016,https://boxd.it/881G
2022-09-26,Pleasantville,1998,https://boxd.it/26uY
2022-09-26,Practical Magic,1998,https://boxd.it/21HS
2022-09-26,The Virgin Suicides,1999,https://boxd.it/28JG
2022-09-26,Lost in Translation,2003,https://boxd.it/2b0E
2022-09-26,The Beguiled,2017,https://boxd.it/dZ1k
2022-09-26,Somewhere,2010,https://boxd.it/14du
2022-09-26,Boys Don't Cry,1999,https://boxd.it/2aPG
2022-09-26,Carrie,1976,https://boxd.it/20ZQ
2022-09-26,Audition,1999,https://boxd.it/1UHm
2022-09-26,High Fidelity,2000,https://boxd.it/2aMW
2022-09-26,Bring It On,2000,https://boxd.it/28x6
2022-09-26,Almost Famous,2000,https://boxd.it/29CQ
2022-09-26,Amélie,2001,https://boxd.it/2aUc
2022-09-26,The Piano Teacher,2001,https://boxd.it/2886
2022-09-26,The Others,2001,https://boxd.it/27Po
2022-09-26,May,2002,https://boxd.it/1V8M
2022-09-26,Enter the Void,2009,https://boxd.it/1dy2
2022-09-26,Irreversible,2002,https://boxd.it/29as
2022-09-26,Vortex,2021,https://boxd.it/uoni
2022-09-26,Lux Æterna,2019,https://boxd.it/m6b8
2022-09-26,S1m0ne,2002,https://boxd.it/1Z2o
2022-09-26,The Matrix Reloaded,2003,https://boxd.it/2a1c
2022-09-26,The Matrix Revolutions,2003,https://boxd.it/2a12
2022-09-26,The Dreamers,2003,https://boxd.it/28X4
2022-09-26,Matchstick Men,2003,https://boxd.it/215a
2022-09-26,Drag Me to Hell,2009,https://boxd.it/1Jzw
2022-09-26,The Evil Dead,1981,https://boxd.it/29Go
2022-09-26,Evil Dead II,1987,https://boxd.it/29Ge
2022-09-26,From Dusk Till Dawn,1996,https://boxd.it/29HQ
2022-09-26,21 Grams,2003,https://boxd.it/2ajK
2022-09-26,Garden State,2004,https://boxd.it/2asW
2022-09-26,Speak,2004,https://boxd.it/1MTO
2022-09-26,50 First Dates,2004,https://boxd.it/285c
2022-09-26,Shutter,2004,https://boxd.it/1JbY
2022-09-26,Hotel Rwanda,2004,https://boxd.it/2aSA
2022-09-26,Million Dollar Baby,2004,https://boxd.it/2bdI
2022-09-26,Constantine,2005,https://boxd.it/2a7E
2022-09-26,Caché,2005,https://boxd.it/2amY
2022-09-26,Amour,2012,https://boxd.it/34Q6
2022-09-26,Red Eye,2005,https://boxd.it/1TNy
2022-09-26,The Exorcism of Emily Rose,2005,https://boxd.it/200I
2022-09-26,The Black Phone,2021,https://boxd.it/sqFE
2022-09-26,Brokeback Mountain,2005,https://boxd.it/2b2q
2022-09-26,Flightplan,2005,https://boxd.it/1YZu
2022-09-26,Half Nelson,2006,https://boxd.it/20Ng
2022-09-26,Red Road,2006,https://boxd.it/1TbY
2022-09-26,Children of Men,2006,https://boxd.it/1Y2i
2022-09-26,Roma,2018,https://boxd.it/f69M
2022-09-26,The Prestige,2006,https://boxd.it/293w
2022-09-26,Interstellar,2014,https://boxd.it/4VZ8
2022-09-26,Teeth,2007,https://boxd.it/1QMM
2022-09-26,La Vie en Rose,2007,https://boxd.it/28OQ
2022-09-26,No Country for Old Men,2007,https://boxd.it/21ew
2022-09-26,The Orphanage,2007,https://boxd.it/2bfE
2022-09-26,Persepolis,2007,https://boxd.it/27DC
2022-09-26,Hairspray,2007,https://boxd.it/261M
2022-09-26,Into the Wild,2007,https://boxd.it/22m2
2022-09-26,The Golden Compass,2007,https://boxd.it/272Q
2022-09-26,Sweeney Todd: The Demon Barber of Fleet Street,2007,https://boxd.it/1PcS
2022-09-26,Beetlejuice,1988,https://boxd.it/24QI
2022-09-26,Corpse Bride,2005,https://boxd.it/24WQ
2022-09-26,Big Fish,2003,https://boxd.it/2a3M
2022-09-26,Sleepy Hollow,1999,https://boxd.it/26u0
2022-09-26,Frankenweenie,2012,https://boxd.it/bPS
2022-09-26,In Bruges,2008,https://boxd.it/20n8
2022-09-26,Let the Right One In,2008,https://boxd.it/1Qr0
2022-09-26,The Poker House,2008,https://boxd.it/9di
2022-09-26,Hellboy,2004,https://boxd.it/28HK
2022-09-26,Hellboy II: The Golden Army,2008,https://boxd.it/1Ug6
2022-09-26,Doubt,2008,https://boxd.it/1OfQ
2022-09-26,Paper Heart,2009,https://boxd.it/1wf4
2022-09-26,Air Doll,2009,https://boxd.it/1wuS
2022-09-26,Mother,2009,https://boxd.it/1m9g
2022-09-26,Snowpiercer,2013,https://boxd.it/3Icg
2022-09-26,The Host,2006,https://boxd.it/28ZY
2022-09-26,Dogtooth,2009,https://boxd.it/158K
2022-09-26,Poor Things,,https://boxd.it/tNWU
2022-09-26,I Killed My Mother,2009,https://boxd.it/1ubO
2022-09-26,Mommy,2014,https://boxd.it/7Uau
2022-09-26,Laurence Anyways,2012,https://boxd.it/3HQu
2022-09-26,District 9,2009,https://boxd.it/1Iik
2022-09-26,Elysium,2013,https://boxd.it/2cBm
2022-09-26,Carriers,2009,https://boxd.it/1v9k
2022-09-26,I Am Love,2009,https://boxd.it/10ac
2022-09-26,Bones and All,2022,https://boxd.it/tLd4
2022-09-26,The Runaways,2010,https://boxd.it/1rsC
2022-09-26,The Tree,2010,https://boxd.it/Bto
2022-09-26,The Wrestler,2008,https://boxd.it/1So8
2022-09-26,The Fountain,2006,https://boxd.it/28RU
2022-09-26,Pi,1998,https://boxd.it/2ajq
2022-09-26,The Whale,2022,https://boxd.it/tw4c
2022-09-26,Noah,2014,https://boxd.it/34QA
2022-09-26,It's Kind of a Funny Story,2010,https://boxd.it/Tfa
2022-09-26,Machete,2010,https://boxd.it/1yXW
2022-09-26,Machete Kills,2013,https://boxd.it/3BQI
2022-09-26,Silent House,2011,https://boxd.it/3efO
2022-09-26,Attack the Block,2011,https://boxd.it/hFO
2022-09-26,The Skin I Live In,2011,https://boxd.it/99A
2022-09-26,Parallel Mothers,2021,https://boxd.it/sOP4
2022-09-26,The Human Voice,2020,https://boxd.it/p148
2022-09-26,Julieta,2016,https://boxd.it/aY26
2022-09-26,Volver,2006,https://boxd.it/2aQO
2022-09-26,Super 8,2011,https://boxd.it/dVI
2022-09-26,Frances Ha,2012,https://boxd.it/41Xg
2022-09-26,Looper,2012,https://boxd.it/ham
2022-09-26,Knives Out 3,,https://boxd.it/uAKS
2022-09-26,Brick,2005,https://boxd.it/1Z6A
2022-09-26,The Perks of Being a Wallflower,2012,https://boxd.it/2ZA8
2022-09-26,Kill Your Darlings,2013,https://boxd.it/4VRS
2022-09-26,Upstream Color,2013,https://boxd.it/4Cwc
2022-09-26,Lovelace,2013,https://boxd.it/2H7W
2022-09-26,Short Term 12,2013,https://boxd.it/5f6s
2022-09-26,The Congress,2013,https://boxd.it/4Ota
2022-09-26,All Is Lost,2013,https://boxd.it/4OgK
2022-09-26,Ida,2013,https://boxd.it/6fRg
2022-09-26,Begin Again,2013,https://boxd.it/5Ybs
2022-09-26,Tangerines,2013,https://boxd.it/71vM
2022-09-26,Frank,2014,https://boxd.it/5hII
2022-09-26,A Girl Walks Home Alone at Night,2014,https://boxd.it/7nZE
2022-09-26,Mona Lisa and the Blood Moon,2021,https://boxd.it/iXY0
2022-09-26,The Bad Batch,2016,https://boxd.it/acEG
2022-09-26,Calvary,2014,https://boxd.it/4WE6
2022-09-26,Honeymoon,2014,https://boxd.it/7t3w
2022-09-26,Wild Tales,2014,https://boxd.it/7UmK
2022-09-26,Suburban Gothic,2014,https://boxd.it/8sXK
2022-09-26,King Knight,2021,https://boxd.it/tfvq
2022-09-26,Sin City: A Dame to Kill For,2014,https://boxd.it/2aV0
2022-09-26,Cake,2014,https://boxd.it/8Naa
2022-09-26,James White,2015,https://boxd.it/a3I0
2022-09-26,The Final Girls,2015,https://boxd.it/9gv2
2022-09-26,45 Years,2015,https://boxd.it/9ZPG
2022-09-26,Victoria,2015,https://boxd.it/amSe
2022-09-26,Knight of Cups,2015,https://boxd.it/34Qq
2022-09-26,The Tree of Life,2011,https://boxd.it/1Zu8
2022-09-26,Song to Song,2017,https://boxd.it/aR5C
2022-09-26,Every Thing Will Be Fine,2015,https://boxd.it/7dZk
2022-09-26,Krisha,2015,https://boxd.it/ax4E
2022-09-26,It Comes at Night,2017,https://boxd.it/eLuk
2022-09-26,Mad Max: Fury Road,2015,https://boxd.it/2DjO
2022-09-26,Tale of Tales,2015,https://boxd.it/a89u
2022-09-26,Spotlight,2015,https://boxd.it/a84k
2022-09-26,Room,2015,https://boxd.it/7T0y
2022-09-26,Hardcore Henry,2015,https://boxd.it/aAIM
2022-09-26,Ever Deadly,2022,https://boxd.it/CdxW
2022-09-26,The Blackcoat's Daughter,2015,https://boxd.it/b2Km
2022-09-26,Southbound,2015,https://boxd.it/bX3Y
2022-09-26,Crimson Peak,2015,https://boxd.it/62Ty
2022-09-26,Blade,1998,https://boxd.it/1a8A
2022-09-26,Blade II,2002,https://boxd.it/1agO
2022-09-26,The Devil's Backbone,2001,https://boxd.it/28Li
2022-09-26,Cronos,1993,https://boxd.it/1TjS
2022-09-26,The Revenant,2015,https://boxd.it/8H5e
2022-09-26,Swiss Army Man,2016,https://boxd.it/bDG2
2022-09-26,The Eyes of My Mother,2016,https://boxd.it/cTd8
2022-09-26,Piercing,2018,https://boxd.it/fELU
2022-09-26,Tallulah,2016,https://boxd.it/bUm4
2022-09-26,Antibirth,2016,https://boxd.it/aWai
2022-09-26,The Intervention,2016,https://boxd.it/bO52
2022-09-26,Happiest Season,2020,https://boxd.it/iS3I
2022-09-26,Midnight Special,2016,https://boxd.it/7dmi
2022-09-26,Take Shelter,2011,https://boxd.it/DQ
2022-09-26,Whiskey Tango Foxtrot,2016,https://boxd.it/8ynI
2022-09-26,The Handmaiden,2016,https://boxd.it/948A
2022-09-26,Oldboy,2003,https://boxd.it/29R2
2022-09-26,Raw,2016,https://boxd.it/dLd2
2022-09-26,Titane,2021,https://boxd.it/nlQC
2022-09-26,My Life as a Zucchini,2016,https://boxd.it/dL2y
2022-09-26,Paterson,2016,https://boxd.it/cRk2
2022-09-26,The Accountant,2016,https://boxd.it/9EhI
2022-09-26,The Monster,2016,https://boxd.it/bjlo
2022-09-26,In Fabric,2018,https://boxd.it/h2sY
2022-09-26,The Founder,2016,https://boxd.it/9XwM
2022-09-26,Hidden Figures,2016,https://boxd.it/dgS4
2022-09-26,A Cure for Wellness,2016,https://boxd.it/bkQW
2022-09-26,The East,2013,https://boxd.it/35Cu
2022-09-26,Lost in London,2017,https://boxd.it/frXo
2022-09-26,Ingrid Goes West,2017,https://boxd.it/evUQ
2022-09-26,Black Bear,2020,https://boxd.it/n8ru
2022-09-26,Child's Play,2019,https://boxd.it/jpX0
2022-09-26,Wind River,2017,https://boxd.it/dR3i
2022-09-26,Kuso,2017,https://boxd.it/evaI
2022-09-26,Marjorie Prime,2017,https://boxd.it/f5ow
2022-09-26,Hot Summer Nights,2017,https://boxd.it/bFIE
2022-09-26,The Circle,2017,https://boxd.it/bj1I
2022-09-26,Ismael's Ghosts,2017,https://boxd.it/fcvu
2022-09-26,The Meyerowitz Stories (New and Selected),2017,https://boxd.it/dSp0
2022-09-26,How to Talk to Girls at Parties,2017,https://boxd.it/bo80
2022-09-26,Good Time,2017,https://boxd.it/fcFu
2022-09-26,You Were Never Really Here,2017,https://boxd.it/dWOS
2022-09-26,After School Knife Fight,2017,https://boxd.it/gjGm
2022-09-26,Loving Vincent,2017,https://boxd.it/biIQ
2022-09-26,Girls Trip,2017,https://boxd.it/eL4G
2022-09-26,Marvel's The Defenders,2017,https://boxd.it/oszg
2022-09-26,Jungle,2017,https://boxd.it/dCpo
2022-09-26,First Reformed,2017,https://boxd.it/go9C
2022-09-26,Disobedience,2017,https://boxd.it/ePFG
2022-09-26,Marrowbone,2017,https://boxd.it/dZVC
2022-09-26,The Snowman,2017,https://boxd.it/cVcc
2022-09-26,One Cut of the Dead,2017,https://boxd.it/iAFu
2022-09-26,V/H/S,2012,https://boxd.it/2Y1c
2022-09-26,V/H/S/2,2013,https://boxd.it/4Ysw
2022-09-26,V/H/S/94,2021,https://boxd.it/shhy
2022-09-26,Love Beats Rhymes,2017,https://boxd.it/d5na
2022-09-26,The Post,2017,https://boxd.it/fTeG
2022-09-26,Sampha: Process,2017,https://boxd.it/i9IG
2022-09-26,The Night Eats the World,2018,https://boxd.it/gmgQ
2022-09-26,Private Life,2018,https://boxd.it/gn9Q
2022-09-26,"Don't Worry, He Won't Get Far on Foot",2018,https://boxd.it/fLeo
2022-09-26,Lords of Chaos,2018,https://boxd.it/f5no
2022-09-26,Hotel Artemis,2018,https://boxd.it/ejwW
2022-09-26,Red Sparrow,2018,https://boxd.it/e7Pi
2022-09-26,Mute,2018,https://boxd.it/e6nW
2022-09-26,Tomb Raider,2018,https://boxd.it/bgbA
2022-09-26,Lara Croft: Tomb Raider - The Cradle of Life,2003,https://boxd.it/27FS
2022-09-26,Rafiki,2018,https://boxd.it/iMFc
2022-09-26,Shoplifters,2018,https://boxd.it/ifY6
2022-09-26,I May Destroy You,2020,https://boxd.it/qX9i
2022-09-26,BlacKkKlansman,2018,https://boxd.it/hxL8
2022-09-26,Under the Silver Lake,2018,https://boxd.it/dSAs
2022-09-26,Tau,2018,https://boxd.it/eujO
2022-09-26,Dark Tourist,2018,https://boxd.it/xqNI
2022-09-26,The Old Man & the Gun,2018,https://boxd.it/fd1q
2022-09-26,Can You Ever Forgive Me?,2018,https://boxd.it/e7x4
2022-09-26,At Eternity's Gate,2018,https://boxd.it/hI40
2022-09-26,Gloria Bell,2018,https://boxd.it/hIhI
2022-09-26,Widows,2018,https://boxd.it/e6gc
2022-09-26,Shame,2011,https://boxd.it/2CxU
2022-09-26,High Life,2018,https://boxd.it/d6bk
2022-09-26,If Beale Street Could Talk,2018,https://boxd.it/gGhu
2022-09-26,Bad Times at the El Royale,2018,https://boxd.it/fSA2
2022-09-26,Escape Room,2019,https://boxd.it/iYlS
2022-09-26,The Farewell,2019,https://boxd.it/kIky
2022-09-27,The Peanut Butter Falcon,2019,https://boxd.it/gzu2
2022-09-27,The Beach Bum,2019,https://boxd.it/fH4O
2022-09-27,Gummo,1997,https://boxd.it/1H0Y
2022-09-27,Kids,1995,https://boxd.it/1YUY
2022-09-27,Saint Frances,2019,https://boxd.it/l9w2
2022-09-27,Captive State,2019,https://boxd.it/fdFq
2022-09-27,Morgan,2016,https://boxd.it/d6Yw
2022-09-27,Hellboy,2019,https://boxd.it/gjaA
2022-09-27,Guava Island,2019,https://boxd.it/jOF6
2022-09-27,Come to Daddy,2019,https://boxd.it/lAqK
2022-09-27,The Climb,2019,https://boxd.it/lXDM
2022-09-27,Portrait of a Lady on Fire,2019,https://boxd.it/jkPq
2022-09-27,Proxima,2019,https://boxd.it/hcCY
2022-09-27,Little Women,2019,https://boxd.it/aSVk
2022-09-27,Never Rarely Sometimes Always,2020,https://boxd.it/lWJk
2022-09-27,Upgrade,2018,https://boxd.it/i4gW
2022-09-27,Relic,2020,https://boxd.it/jEwS
2022-09-27,Shirley,2020,https://boxd.it/jY2o
2022-09-27,Minari,2020,https://boxd.it/mL9M
2022-09-27,The Father,2020,https://boxd.it/m8Ie
2022-09-27,The Son,2022,https://boxd.it/umm8
2022-09-27,Emma.,2020,https://boxd.it/kmg0
2022-09-27,Devs,2020,https://boxd.it/ppHI
2022-09-27,#Alive,2020,https://boxd.it/mJl2
2022-09-27,PVT Chat,2020,https://boxd.it/oXaw
2022-09-27,Nomadland,2020,https://boxd.it/lnRy
2022-09-27,Supernova,2020,https://boxd.it/nQ6K
2022-09-27,Flowers of the Field,2020,https://boxd.it/rLHk
2022-09-27,Nocturne,2020,https://boxd.it/nTaK
2022-09-27,The Witches,1990,https://boxd.it/1WVg
2022-09-27,Roald Dahl's The Witches,2020,https://boxd.it/jk0C
2022-09-27,Brighton Beach,,https://boxd.it/f5mg
2022-09-27,A Teacher,2020,https://boxd.it/sBB4
2022-09-27,In the Earth,2021,https://boxd.it/s652
2022-09-27,Stowaway,2021,https://boxd.it/ktMM
2022-09-27,Pompo the Cinephile,2021,https://boxd.it/pj2a
2022-09-27,Întregalde,2021,https://boxd.it/vBVa
2022-09-27,The Lost Daughter,2021,https://boxd.it/kgww
2022-09-27,Last Night in Soho,2021,https://boxd.it/lbJC
2022-09-27,Out of Sync,2021,https://boxd.it/wkZG
2022-09-27,The Humans,2021,https://boxd.it/lEQM
2022-09-27,Silent Night,2021,https://boxd.it/oJXE
2022-09-27,You Won't Be Alone,2022,https://boxd.it/xjIG
2022-09-27,Flux Gourmet,2022,https://boxd.it/w23a
2022-09-27,The Dropout,2022,https://boxd.it/zilg
2022-09-27,The Almond and the Seahorse,2022,https://boxd.it/tCSi
2022-09-27,But I'm a Cheerleader,1999,https://boxd.it/1CW4
2022-09-27,The Hunger Games: The Ballad of Songbirds & Snakes,2023,https://boxd.it/pZCY
2022-09-27,Beau Is Afraid,2023,https://boxd.it/u2gE
2022-09-27,The Witch Boy,,https://boxd.it/tKHW
2022-09-27,Strangers,,https://boxd.it/Bz3C
2022-09-27,Gotham City Sirens,,https://boxd.it/ybcu
2022-09-27,Return to Silent Hill,,https://boxd.it/po3C
2022-09-29,Bottoms,2023,https://boxd.it/uGf2
2022-10-01,Song of the Sea,2014,https://boxd.it/3Ic6
2022-10-01,Wolfwalkers,2020,https://boxd.it/fGrC
2022-10-01,Ghost World,2001,https://boxd.it/28Dy
2022-10-01,Labyrinth,1986,https://boxd.it/1POC
2022-10-01,The Dark Crystal,1982,https://boxd.it/1Tm8
2022-10-01,The Lost Boys,1987,https://boxd.it/28DI
2022-10-02,True Romance,1993,https://boxd.it/2aBa
2022-10-02,The Muppets,2011,https://boxd.it/1zg
2022-10-02,Daredevil,2003,https://boxd.it/1YzG
2022-10-02,Phone Booth,2002,https://boxd.it/285G
2022-10-02,Total Recall,2012,https://boxd.it/Ro
2022-10-02,Monster's Ball,2001,https://boxd.it/28Uu
2022-10-02,Bruised,2020,https://boxd.it/qURQ
2022-10-02,Beautiful Boy,2018,https://boxd.it/g76Q
2022-10-02,Seeking a Friend for the End of the World,2012,https://boxd.it/376g
2022-10-02,The French Dispatch,2021,https://boxd.it/jLP8
2022-10-02,Charlie's Angels: Full Throttle,2003,https://boxd.it/1YB8
2022-10-02,Charlie's Angels,2000,https://boxd.it/24v6
2022-10-02,Grey Gardens,2009,https://boxd.it/1EqE
2022-10-02,Hellraiser,2022,https://boxd.it/bg7S
2022-10-02,Hush,2016,https://boxd.it/d5ys
2022-10-03,Deadstream,2022,https://boxd.it/xryY
2022-10-03,V/H/S/99,2022,https://boxd.it/BZYO
2022-10-05,Pink Flamingos,1972,https://boxd.it/29NO
2022-10-05,Sonic the Hedgehog,2020,https://boxd.it/gdK8
2022-10-05,Sonic the Hedgehog 2,2022,https://boxd.it/pb8O
2022-10-05,The Lego Batman Movie,2017,https://boxd.it/azp0
2022-10-05,Piranha 3D,2010,https://boxd.it/U5q
2022-10-05,The Life Aquatic with Steve Zissou,2004,https://boxd.it/2aqw
2022-10-05,Moonrise Kingdom,2012,https://boxd.it/2Wng
2022-10-05,The Tunnel,2011,https://boxd.it/NGk
2022-10-05,The Bay,2012,https://boxd.it/43JK
2022-10-05,The Borderlands,2013,https://boxd.it/6dIw
2022-10-05,Margaret,2011,https://boxd.it/2kbm
2022-10-06,Crazy Rich Asians,2018,https://boxd.it/gfnK
2022-10-06,The Wedding Singer,1998,https://boxd.it/1USO
2022-10-09,Legend of the Guardians: The Owls of Ga'Hoole,2010,https://boxd.it/ZUy
2022-10-09,The Help,2011,https://boxd.it/EDm
2022-10-09,The Kingdom,1994,https://boxd.it/1AZA
2022-10-11,Blood Red Sky,2021,https://boxd.it/sArW
2022-10-12,Antlers,2021,https://boxd.it/iI50
2022-10-13,Landscape with Invisible Hand,2023,https://boxd.it/tesq
2022-10-16,Leaving Neverland,2019,https://boxd.it/l53U
2022-10-16,Surviving R. Kelly,2019,https://boxd.it/l2ao
2022-10-16,Monos,2019,https://boxd.it/eJGe
2022-10-16,Paris Is Burning,1990,https://boxd.it/1jzg
2022-10-16,Mandy,2018,https://boxd.it/gtti
2022-10-16,Imperium,2016,https://boxd.it/d0N8
2022-10-23,TÁR,2022,https://boxd.it/uNIA
2022-10-23,Triangle of Sadness,2022,https://boxd.it/hXlq
2022-10-24,Sick of Myself,2022,https://boxd.it/tEzs
2022-10-24,Tori and Lokita,2022,https://boxd.it/yqmO
2022-10-24,Pan's Labyrinth,2006,https://boxd.it/28No
2022-10-27,9,2009,https://boxd.it/1Scm
2022-10-30,Serial Mom,1994,https://boxd.it/1Tty
2022-10-30,Blue My Mind,2017,https://boxd.it/ghj6
2022-11-01,Jane by Charlotte,2021,https://boxd.it/vy7G
2022-11-02,The Eternal Daughter,2022,https://boxd.it/tJnG
2022-11-05,Twelve Monkeys,1995,https://boxd.it/2beQ
2022-11-05,Jack and Jill,2011,https://boxd.it/2pQu
2022-11-05,Kick-Ass,2010,https://boxd.it/1zaQ
2022-11-05,We're All Going to the World's Fair,2021,https://boxd.it/tbmY
2022-11-05,Sleeping Beauty,1959,https://boxd.it/1V9A
2022-11-05,Lilo & Stitch,2002,https://boxd.it/1TAY
2022-11-05,Alice in Wonderland,1951,https://boxd.it/1Sz6
2022-11-05,The Incredibles,2004,https://boxd.it/1XLm
2022-11-05,Ratatouille,2007,https://boxd.it/27ww
2022-11-05,WALL·E,2008,https://boxd.it/1VEo
2022-11-05,Palo Alto,2013,https://boxd.it/5Nzy
2022-11-13,Cracks,2009,https://boxd.it/1cSU
2022-11-14,Once Were Warriors,1994,https://boxd.it/2acY
2022-11-20,Isle of Dogs,2018,https://boxd.it/dZrW
2022-11-21,Nosferatu,,https://boxd.it/f5eG
2022-11-21,Nosferatu,1922,https://boxd.it/29TM
2022-11-21,Follow Me!,1972,https://boxd.it/332Y
2022-11-21,Maid,2021,https://boxd.it/x3mk
2022-11-23,Wendell & Wild,2022,https://boxd.it/iwtu
2022-11-27,All About My Mother,1999,https://boxd.it/2b9c
2022-11-27,Ghost,1990,https://boxd.it/2aLE
2022-11-28,Thirteen,2003,https://boxd.it/1UPK
2022-11-28,Sleeping Beauty,2011,https://boxd.it/Yk
2022-11-28,Plush,2013,https://boxd.it/6qsw
2022-11-28,Locke,2013,https://boxd.it/6hHC
2022-11-28,Splice,2009,https://boxd.it/17HW
2022-11-28,Untitled Sister Comedy Project,,https://boxd.it/tCT6
2022-11-30,Millie Lies Low,2021,https://boxd.it/xJ80
2022-12-01,Cocaine Bear,2023,https://boxd.it/ugw2
2022-12-06,Incantation,2022,https://boxd.it/wFiI
2022-12-06,Smile,2022,https://boxd.it/xjfE
2022-12-06,Hatching,2022,https://boxd.it/iKDo
2022-12-06,Speak No Evil,2022,https://boxd.it/vqlg
2022-12-06,Terrifier 2,2022,https://boxd.it/oI10
2022-12-06,Terrifier,2016,https://boxd.it/eRzg
2022-12-08,Infinity Pool,2023,https://boxd.it/oPSK
2022-12-10,Let Me In,2010,https://boxd.it/Zsa
2022-12-19,Vicky Cristina Barcelona,2008,https://boxd.it/23rW
2022-12-19,Café Society,2016,https://boxd.it/bhEy
2022-12-19,Midnight in Paris,2011,https://boxd.it/i4a
2022-12-19,Tickled,2016,https://boxd.it/cWEG
2022-12-19,Troll Hunter,2010,https://boxd.it/NQY
2022-12-20,Guillermo del Toro's Pinocchio,2022,https://boxd.it/kjMW
2022-12-20,The Banshees of Inisherin,2022,https://boxd.it/p7XS
2022-12-22,Three Colors: Blue,1993,https://boxd.it/2b7K
2022-12-26,Devil,2010,https://boxd.it/SX6
2022-12-26,The Woman in the House Across the Street from the Girl in the Window,2022,https://boxd.it/ywaO
2022-12-26,Fucking Identical Twins,,https://boxd.it/zslg
2022-12-27,Resurrection,2022,https://boxd.it/wUKC
2022-12-28,"Paris, Je T'Aime",2006,https://boxd.it/273a
2022-12-29,The Birdcage,1996,https://boxd.it/1UTi
2022-12-29,High-Rise,2015,https://boxd.it/7tmo
2023-01-01,Cursed,2005,https://boxd.it/1XiY
2023-01-01,The Island,2005,https://boxd.it/28qE
2023-01-01,How to Be Single,2016,https://boxd.it/7GJq
2023-01-05,Starship Troopers,1997,https://boxd.it/2a7k
2023-01-05,The Hours,2002,https://boxd.it/2a3s
2023-01-05,Nightmare Alley,2021,https://boxd.it/m0HC
2023-01-05,Velvet Goldmine,1998,https://boxd.it/2878
2023-01-05,Woodshock,2017,https://boxd.it/dTzg
2023-01-06,Evil Dead Rise,2023,https://boxd.it/qIvo
2023-01-07,Feels Good Man,2020,https://boxd.it/oigS
2023-01-08,Burn After Reading,2008,https://boxd.it/23BW
2023-01-10,Martha Marcy May Marlene,2011,https://boxd.it/CJs
2023-01-11,Anaconda,1997,https://boxd.it/1YSy
2023-01-11,Support the Girls,2018,https://boxd.it/ghHs
2023-01-12,Dark Crimes,2016,https://boxd.it/bkGs
2023-01-13,One Missed Call,2008,https://boxd.it/21jQ
2023-01-13,Halloween,1978,https://boxd.it/2wRu
2023-01-13,Poltergeist,1982,https://boxd.it/2a0o
2023-01-13,Watchmen,2019,https://boxd.it/ol5e
2023-01-13,Watchmen,2009,https://boxd.it/1QE4
2023-01-13,Hoodwinked!,2005,https://boxd.it/1UVS
2023-01-13,Daniel Isn't Real,2019,https://boxd.it/jAx8
2023-01-14,The Addams Family,1991,https://boxd.it/267g
2023-01-14,Addams Family Values,1993,https://boxd.it/26mq
2023-01-14,Blaze,2022,https://boxd.it/sPfQ
2023-01-15,Gattaca,1997,https://boxd.it/29Du
2023-01-15,Predestination,2014,https://boxd.it/6bJM
2023-01-15,Strange Way of Life,,https://boxd.it/Aomw
2023-01-15,Skinamarink,2022,https://boxd.it/ByDO
2023-01-17,The Shawshank Redemption,1994,https://boxd.it/2aHi
2023-01-17,Paddington 2,2017,https://boxd.it/bCF8
2023-01-17,Paddington,2014,https://boxd.it/3RKw
2023-01-17,Fight Club,1999,https://boxd.it/2a9q
2023-01-17,Blade Runner,1982,https://boxd.it/2bcA
2023-01-18,Disturbia,2007,https://boxd.it/20rk
2023-01-18,Wolf Creek,2005,https://boxd.it/1XC0
2023-01-18,Cruel Intentions,1999,https://boxd.it/29Be
2023-01-18,The Age of Adaline,2015,https://boxd.it/9ghu
2023-01-18,The Voices,2014,https://boxd.it/7b3S
2023-01-18,Dredd,2012,https://boxd.it/GZE
2023-01-18,"Crazy, Stupid, Love.",2011,https://boxd.it/D9A
2023-01-18,Mare of Easttown,2021,https://boxd.it/u2h8
2023-01-19,AND,,https://boxd.it/CWPw
2023-01-20,Shelby Oaks,,https://boxd.it/zmMK
2023-01-21,Altered States,1980,https://boxd.it/1TBi
2023-01-22,The Novice,2021,https://boxd.it/uWMc
2023-01-24,Cure,1997,https://boxd.it/1blA
2023-01-25,Missing,2023,https://boxd.it/sS1W
2023-01-25,Cuckoo,2023,https://boxd.it/wMjI
2023-01-25,Luz,2018,https://boxd.it/hY6G
2023-01-25,Challengers,2023,https://boxd.it/zld0
2023-02-02,Nocebo,2022,https://boxd.it/tqSK
